Country,Province/State,Last Update,Confirmed,Deaths,Recovered,nDate
Mainland China,Anhui,1/25/2020 12:00,60,0,0,25
Mainland China,Anhui,1/30/2020 21:30,237,0,3,30
Mainland China,Anhui,1/31/2020 19:00,237,0,3,31
Mainland China,Anhui,1/29/2020 21:00,200,0,2,29
Mainland China,Anhui,3/2/2020 0:53,408,0,7,36
China,Anhui,1/22/2020 12:00,1,0,0,22
Mainland China,Anhui,2/4/2020 0:43,480,0,14,35
Mainland China,Anhui,1/27/2020 20:30,106,0,0,27
Mainland China,Anhui,1/23/2020 12:00,9,0,0,23
Mainland China,Anhui,1/28/2020 23:00,152,0,0,28
Mainland China,Anhui,1/24/2020 12:00,15,0,0,24
Mainland China,Anhui,2/2/2020 1:33,340,0,5,33
Mainland China,Anhui,1/26/2020 23:00,70,0,0,26
US,Arizona,1/30/2020 21:30,1,0,0,30
US,Arizona,1/27/2020 20:30,1,0,0,27
US,Arizona,1/28/2020 23:00,1,0,0,28
US,Arizona,1/26/2020 23:00,1,0,0,26
US,Arizona,1/29/2020 21:00,1,0,0,29
US,Arizona,1/31/2020 19:00,1,0,0,31
Germany,Bavaria,1/30/2020 21:30,4,0,0,30
Germany,Bavaria,1/29/2020 21:00,4,0,0,29
Germany,Bavaria,1/27/2020 20:30,1,0,0,27
Germany,Bavaria,1/28/2020 23:00,4,0,0,28
Germany,Bavaria,1/31/2020 19:00,7,0,0,31
China,Beijing,1/22/2020 12:00,14,0,0,22
Mainland China,Beijing,1/23/2020 12:00,22,0,0,23
Mainland China,Beijing,1/28/2020 23:00,91,1,4,28
Mainland China,Beijing,1/25/2020 12:00,51,0,2,25
Mainland China,Beijing,1/29/2020 21:00,111,1,4,29
Mainland China,Beijing,1/30/2020 21:30,121,1,5,30
Mainland China,Beijing,1/27/2020 20:30,80,1,2,27
Mainland China,Beijing,2/3/2020 9:23,212,1,12,34
Mainland China,Beijing,1/24/2020 12:00,36,0,1,24
Mainland China,Beijing,1/26/2020 23:00,68,0,2,26
Mainland China,Beijing,2/2/2020 3:05,183,1,9,33
Mainland China,Beijing,2/2/2020 8:43,191,1,9,33
Mainland China,Beijing,1/31/2020 19:00,139,1,5,31
US,"Boston, MA",1/2/2020 19:43,1,0,0,2
US,"Boston, MA",2/1/2020 19:43,1,0,0,32
US,"Boston, MA",1/2/2020 19:43,1,0,0,2
Canada,British Columbia,2/1/2020 18:12,1,0,0,32
Canada,British Columbia,1/31/2020 19:00,1,0,0,31
Canada,British Columbia,1/28/2020 23:00,1,0,0,28
Canada,British Columbia,1/30/2020 21:30,1,0,0,30
Canada,British Columbia,1/2/2020 18:12,1,0,0,2
Canada,British Columbia,1/29/2020 21:00,1,0,0,29
Canada,British Columbia,1/2/2020 18:12,1,0,0,2
US,California,1/31/2020 19:00,3,0,0,31
US,California,1/27/2020 20:30,2,0,0,27
US,California,1/28/2020 23:00,2,0,0,28
US,California,1/26/2020 23:00,2,0,0,26
US,California,1/30/2020 21:30,2,0,0,30
US,California,1/29/2020 21:00,2,0,0,29
US,Chicago,1/24/2020 12:00,1,0,0,24
US,"Chicago, IL",1/2/2020 19:43,2,0,0,2
US,"Chicago, IL",2/1/2020 19:43,2,0,0,32
US,"Chicago, IL",1/2/2020 19:43,2,0,0,2
Mainland China,Chongqing,1/31/2020 19:00,238,1,1,31
Mainland China,Chongqing,2/2/2020 23:33,300,2,7,33
Mainland China,Chongqing,2/3/2020 23:43,337,2,9,34
Mainland China,Chongqing,1/23/2020 12:00,9,0,0,23
Mainland China,Chongqing,1/29/2020 21:00,165,0,1,29
Mainland China,Chongqing,1/24/2020 12:00,27,0,0,24
Mainland China,Chongqing,1/30/2020 21:30,206,0,1,30
Mainland China,Chongqing,1/27/2020 20:30,132,0,0,27
Mainland China,Chongqing,1/26/2020 23:00,110,0,0,26
Mainland China,Chongqing,1/25/2020 12:00,75,0,0,25
Mainland China,Chongqing,1/28/2020 23:00,147,0,1,28
Mainland China,Chongqing,1/2/2020 23:43,262,1,3,2
China,Chongqing,1/22/2020 12:00,6,0,0,22
Mainland China,Fujian,2/2/2020 3:43,159,0,0,33
Mainland China,Fujian,1/27/2020 20:30,59,0,0,27
Mainland China,Fujian,2/3/2020 11:33,179,0,1,34
Mainland China,Fujian,2/2/2020 3:43,159,0,0,33
Mainland China,Fujian,1/24/2020 12:00,10,0,0,24
Mainland China,Fujian,1/26/2020 23:00,35,0,0,26
Mainland China,Fujian,1/30/2020 21:30,101,0,0,30
Mainland China,Fujian,1/25/2020 12:00,18,1,0,25
Mainland China,Fujian,1/23/2020 12:00,5,0,0,23
Mainland China,Fujian,1/29/2020 21:00,101,0,0,29
Mainland China,Fujian,1/31/2020 19:00,120,0,0,31
China,Fujian,1/22/2020 12:00,1,0,0,22
Mainland China,Fujian,1/28/2020 23:00,82,0,0,28
Mainland China,Gansu,2/3/2020 23:03,55,0,3,34
Mainland China,Gansu,1/28/2020 23:00,24,0,0,28
Mainland China,Gansu,1/25/2020 12:00,7,0,0,25
Mainland China,Gansu,1/31/2020 19:00,35,0,0,31
Mainland China,Gansu,1/24/2020 12:00,2,0,0,24
Mainland China,Gansu,1/29/2020 21:00,26,0,0,29
Mainland China,Gansu,1/27/2020 20:30,19,0,0,27
Mainland China,Gansu,1/30/2020 21:30,29,0,0,30
China,Gansu,1/22/2020 12:00,0,0,0,22
Mainland China,Gansu,1/23/2020 12:00,2,0,0,23
Mainland China,Gansu,1/26/2020 23:00,14,0,0,26
Mainland China,Gansu,2/2/2020 23:43,51,0,3,33
Mainland China,Gansu,1/2/2020 15:43,40,0,0,2
Mainland China,Guangdong,2/2/2020 1:23,604,0,14,33
Mainland China,Guangdong,1/26/2020 23:00,146,0,2,26
Mainland China,Guangdong,1/27/2020 20:30,151,0,4,27
Mainland China,Guangdong,1/24/2020 12:00,53,0,2,24
Mainland China,Guangdong,1/31/2020 19:00,436,0,10,31
Mainland China,Guangdong,1/29/2020 21:00,311,0,6,29
Mainland China,Guangdong,2/4/2020 1:43,797,0,21,35
Mainland China,Guangdong,1/28/2020 23:00,241,0,5,28
Mainland China,Guangdong,1/30/2020 21:30,393,0,11,30
Mainland China,Guangdong,1/23/2020 12:00,32,0,2,23
Mainland China,Guangdong,1/25/2020 12:00,98,0,2,25
Mainland China,Guangdong,3/2/2020 1:33,683,0,15,36
China,Guangdong,1/22/2020 12:00,26,0,0,22
Mainland China,Guangxi,1/24/2020 12:00,23,0,0,24
Mainland China,Guangxi,1/29/2020 21:00,78,0,2,29
Mainland China,Guangxi,1/26/2020 23:00,46,0,0,26
Mainland China,Guangxi,1/25/2020 12:00,33,0,0,25
Mainland China,Guangxi,1/23/2020 12:00,5,0,0,23
China,Guangxi,1/22/2020 12:00,2,0,0,22
Mainland China,Guangxi,1/28/2020 23:00,58,0,2,28
Mainland China,Guangxi,1/31/2020 19:00,88,0,2,31
Mainland China,Guangxi,1/27/2020 20:30,51,0,0,27
Mainland China,Guangxi,3/2/2020 0:13,127,0,2,36
Mainland China,Guangxi,2/2/2020 0:23,111,0,2,33
Mainland China,Guangxi,2/4/2020 0:33,139,0,7,35
Mainland China,Guangxi,1/30/2020 21:30,87,0,2,30
Mainland China,Guizhou,1/25/2020 12:00,5,0,0,25
Mainland China,Guizhou,1/29/2020 21:00,12,0,1,29
Mainland China,Guizhou,1/31/2020 19:00,29,0,2,31
Mainland China,Guizhou,1/23/2020 12:00,3,0,0,23
Mainland China,Guizhou,3/2/2020 1:03,46,0,2,36
Mainland China,Guizhou,1/30/2020 21:30,15,0,1,30
Mainland China,Guizhou,1/26/2020 23:00,7,0,0,26
China,Guizhou,1/22/2020 12:00,1,0,0,22
Mainland China,Guizhou,1/28/2020 23:00,9,0,0,28
Mainland China,Guizhou,2/2/2020 1:03,38,0,2,33
Mainland China,Guizhou,2/4/2020 1:03,56,0,2,35
Mainland China,Guizhou,1/27/2020 20:30,9,0,0,27
Mainland China,Guizhou,1/24/2020 12:00,3,0,0,24
Mainland China,Hainan,1/30/2020 21:30,50,1,1,30
Mainland China,Hainan,2/2/2020 1:03,63,1,1,33
Mainland China,Hainan,1/25/2020 12:00,19,0,0,25
Mainland China,Hainan,1/28/2020 23:00,43,1,0,28
Mainland China,Hainan,1/27/2020 20:30,33,1,0,27
Mainland China,Hainan,1/31/2020 19:00,58,1,1,31
Mainland China,Hainan,1/29/2020 21:00,43,1,0,29
Mainland China,Hainan,1/26/2020 23:00,22,0,0,26
Mainland China,Hainan,3/2/2020 0:43,71,1,4,36
Mainland China,Hainan,1/23/2020 12:00,5,0,0,23
China,Hainan,1/22/2020 12:00,4,0,0,22
Mainland China,Hainan,1/24/2020 12:00,8,0,0,24
Mainland China,Hainan,2/4/2020 0:43,79,1,4,35
Mainland China,Hebei,1/23/2020 12:00,1,1,0,23
Mainland China,Hebei,1/31/2020 19:00,96,1,0,31
China,Hebei,1/22/2020 12:00,1,0,0,22
Mainland China,Hebei,1/26/2020 23:00,18,1,0,26
Mainland China,Hebei,1/29/2020 21:00,65,1,0,29
Mainland China,Hebei,2/4/2020 0:23,126,1,3,35
Mainland China,Hebei,1/24/2020 12:00,2,1,0,24
Mainland China,Hebei,1/27/2020 20:30,33,1,0,27
Mainland China,Hebei,1/30/2020 21:30,82,1,0,30
Mainland China,Hebei,1/25/2020 12:00,13,1,0,25
Mainland China,Hebei,1/28/2020 23:00,48,1,0,28
Mainland China,Hebei,3/2/2020 0:23,113,1,3,36
Mainland China,Hebei,2/2/2020 2:53,104,1,3,33
Mainland China,Heilongjiang,1/25/2020 12:00,15,0,0,25
Mainland China,Heilongjiang,1/23/2020 12:00,2,0,0,23
Mainland China,Heilongjiang,2/4/2020 0:53,155,2,2,35
Mainland China,Heilongjiang,1/26/2020 23:00,21,1,0,26
China,Heilongjiang,1/22/2020 12:00,0,0,0,22
Mainland China,Heilongjiang,1/28/2020 23:00,37,1,0,28
Mainland China,Heilongjiang,1/30/2020 21:30,59,2,0,30
Mainland China,Heilongjiang,1/27/2020 20:30,30,1,0,27
Mainland China,Heilongjiang,2/2/2020 3:23,95,2,2,33
Mainland China,Heilongjiang,1/29/2020 21:00,43,1,0,29
Mainland China,Heilongjiang,2/2/2020 3:23,95,2,2,33
Mainland China,Heilongjiang,1/24/2020 12:00,4,1,0,24
Mainland China,Heilongjiang,1/31/2020 19:00,59,2,0,31
Mainland China,Henan,1/24/2020 12:00,9,0,0,24
Mainland China,Henan,1/29/2020 21:00,278,2,2,29
Mainland China,Henan,2/4/2020 1:23,675,2,20,35
Mainland China,Henan,1/27/2020 20:30,168,1,0,27
Mainland China,Henan,2/2/2020 0:53,493,2,4,33
Mainland China,Henan,1/28/2020 23:00,206,2,1,28
Mainland China,Henan,1/23/2020 12:00,5,0,0,23
China,Henan,1/22/2020 12:00,5,0,0,22
Mainland China,Henan,1/25/2020 12:00,83,1,0,25
Mainland China,Henan,3/2/2020 1:03,566,2,14,36
Mainland China,Henan,1/26/2020 23:00,128,1,0,26
Mainland China,Henan,1/31/2020 19:00,352,2,3,31
Mainland China,Henan,1/30/2020 21:30,352,2,3,30
Hong Kong,Hong Kong,1/25/2020 12:00,5,0,0,25
Hong Kong,Hong Kong,1/30/2020 21:30,12,0,0,30
Hong Kong,Hong Kong,1/23/2020 12:00,2,0,0,23
Hong Kong,Hong Kong,1/28/2020 23:00,8,0,0,28
Hong Kong,Hong Kong,1/27/2020 20:30,8,0,0,27
Hong Kong,Hong Kong,1/31/2020 19:00,13,0,0,31
Hong Kong,Hong Kong,2/2/2020 1:03,14,0,0,33
China,Hong Kong,1/22/2020 12:00,0,0,0,22
Hong Kong,Hong Kong,1/26/2020 23:00,8,0,0,26
Hong Kong,Hong Kong,2/2/2020 23:53,15,0,0,33
Hong Kong,Hong Kong,1/29/2020 21:00,10,0,0,29
Hong Kong,Hong Kong,2/2/2020 23:53,15,0,0,33
Hong Kong,Hong Kong,1/24/2020 12:00,2,0,0,24
Mainland China,Hubei,1/2/2020 23:33,9074,294,215,2
Mainland China,Hubei,1/31/2020 19:00,7153,249,169,31
Mainland China,Hubei,1/27/2020 20:30,2714,100,47,27
Mainland China,Hubei,2/4/2020 1:23,13522,414,396,35
China,Hubei,1/22/2020 12:00,444,0,0,22
Mainland China,Hubei,1/28/2020 23:00,3554,125,80,28
Mainland China,Hubei,1/24/2020 12:00,549,24,31,24
Mainland China,Hubei,1/26/2020 23:00,1423,76,44,26
Mainland China,Hubei,2/2/2020 23:43,11177,350,295,33
Mainland China,Hubei,1/29/2020 21:00,4586,162,90,29
Mainland China,Hubei,1/25/2020 22:00,1052,52,42,25
Mainland China,Hubei,1/23/2020 12:00,444,17,28,23
Mainland China,Hubei,1/30/2020 21:30,5806,204,116,30
Mainland China,Hunan,2/2/2020 1:53,463,0,8,33
Mainland China,Hunan,3/2/2020 1:33,521,0,16,36
Mainland China,Hunan,2/4/2020 1:43,593,0,22,35
Mainland China,Hunan,1/23/2020 12:00,9,0,0,23
Mainland China,Hunan,1/28/2020 23:00,221,0,0,28
Mainland China,Hunan,1/25/2020 12:00,69,0,0,25
Mainland China,Hunan,1/26/2020 23:00,100,0,0,26
Mainland China,Hunan,1/31/2020 19:00,332,0,3,31
Mainland China,Hunan,1/29/2020 21:00,277,0,0,29
Mainland China,Hunan,1/30/2020 21:30,332,0,2,30
Mainland China,Hunan,1/24/2020 12:00,24,0,0,24
Mainland China,Hunan,1/27/2020 20:30,100,0,0,27
China,Hunan,1/22/2020 12:00,4,0,0,22
US,Illinois,1/31/2020 19:00,2,0,0,31
US,Illinois,1/29/2020 21:00,1,0,0,29
US,Illinois,1/26/2020 23:00,1,0,0,26
US,Illinois,1/30/2020 21:30,2,0,0,30
US,Illinois,1/27/2020 20:30,1,0,0,27
US,Illinois,1/25/2020 12:00,1,0,0,25
US,Illinois,1/28/2020 23:00,1,0,0,28
Mainland China,Inner Mongolia,1/30/2020 21:30,20,0,0,30
Mainland China,Inner Mongolia,2/3/2020 3:03,34,0,1,34
Mainland China,Inner Mongolia,1/28/2020 23:00,16,0,0,28
China,Inner Mongolia,1/22/2020 12:00,0,0,0,22
Mainland China,Inner Mongolia,1/27/2020 20:30,11,0,0,27
Mainland China,Inner Mongolia,2/2/2020 3:43,27,0,1,33
Mainland China,Inner Mongolia,1/26/2020 23:00,11,0,0,26
Mainland China,Inner Mongolia,1/29/2020 21:00,16,0,0,29
Mainland China,Inner Mongolia,2/2/2020 3:43,27,0,1,33
Mainland China,Inner Mongolia,1/25/2020 12:00,7,0,0,25
Mainland China,Inner Mongolia,1/31/2020 19:00,20,0,0,31
Mainland China,Inner Mongolia,1/24/2020 12:00,1,0,0,24
Mainland China,Inner Mongolia,1/23/2020 12:00,0,0,0,23
Mainland China,Jiangsu,3/2/2020 1:03,271,0,7,36
Mainland China,Jiangsu,1/26/2020 23:00,47,0,1,26
Mainland China,Jiangsu,1/28/2020 23:00,99,0,1,28
Mainland China,Jiangsu,2/4/2020 1:03,308,0,8,35
Mainland China,Jiangsu,2/2/2020 1:13,236,0,6,33
Mainland China,Jiangsu,1/24/2020 12:00,9,0,0,24
Mainland China,Jiangsu,1/23/2020 12:00,5,0,0,23
Mainland China,Jiangsu,1/31/2020 19:00,168,0,5,31
Mainland China,Jiangsu,1/30/2020 21:30,168,0,2,30
Mainland China,Jiangsu,1/27/2020 20:30,70,0,1,27
China,Jiangsu,1/22/2020 12:00,1,0,0,22
Mainland China,Jiangsu,1/29/2020 21:00,129,0,1,29
Mainland China,Jiangsu,1/25/2020 12:00,31,0,1,25
Mainland China,Jiangxi,1/30/2020 21:30,240,0,7,30
Mainland China,Jiangxi,2/4/2020 1:43,476,0,19,35
Mainland China,Jiangxi,1/29/2020 21:00,162,0,4,29
China,Jiangxi,1/22/2020 12:00,2,0,0,22
Mainland China,Jiangxi,1/31/2020 19:00,240,0,7,31
Mainland China,Jiangxi,3/2/2020 1:33,391,0,18,36
Mainland China,Jiangxi,1/26/2020 23:00,48,0,0,26
Mainland China,Jiangxi,1/27/2020 20:30,72,0,2,27
Mainland China,Jiangxi,1/28/2020 23:00,109,0,3,28
Mainland China,Jiangxi,1/23/2020 12:00,7,0,0,23
Mainland China,Jiangxi,1/25/2020 12:00,36,0,0,25
Mainland China,Jiangxi,2/2/2020 1:23,333,0,10,33
Mainland China,Jiangxi,1/24/2020 12:00,18,0,0,24
Mainland China,Jilin,3/2/2020 0:53,31,0,1,36
Mainland China,Jilin,2/4/2020 0:23,42,0,1,35
China,Jilin,1/22/2020 12:00,0,0,0,22
Mainland China,Jilin,1/30/2020 21:30,14,0,1,30
Mainland China,Jilin,1/27/2020 20:30,6,0,0,27
Mainland China,Jilin,1/28/2020 23:00,9,0,0,28
Mainland China,Jilin,1/31/2020 19:00,14,0,1,31
Mainland China,Jilin,1/26/2020 23:00,6,0,0,26
Mainland China,Jilin,1/29/2020 21:00,14,0,1,29
Mainland China,Jilin,1/24/2020 12:00,3,0,0,24
Mainland China,Jilin,1/23/2020 12:00,1,0,0,23
Mainland China,Jilin,2/2/2020 2:33,23,0,1,33
Mainland China,Jilin,1/25/2020 12:00,4,0,0,25
Mainland China,Liaoning,2/3/2020 17:11,74,0,1,34
Mainland China,Liaoning,1/31/2020 19:00,60,0,1,31
Mainland China,Liaoning,1/24/2020 12:00,4,0,0,24
Mainland China,Liaoning,1/27/2020 20:30,27,0,0,27
China,Liaoning,1/22/2020 12:00,2,0,0,22
Mainland China,Liaoning,1/29/2020 21:00,39,0,1,29
Mainland China,Liaoning,1/26/2020 23:00,23,0,0,26
Mainland China,Liaoning,1/23/2020 12:00,3,0,0,23
Mainland China,Liaoning,1/2/2020 15:23,64,0,1,2
Mainland China,Liaoning,1/25/2020 12:00,19,0,0,25
Mainland China,Liaoning,1/30/2020 21:30,45,0,1,30
Mainland China,Liaoning,1/28/2020 23:00,36,0,0,28
Mainland China,Liaoning,2/2/2020 18:03,70,0,1,33
Canada,"London, ON",2/4/2020 0:03,1,0,0,35
US,"Los Angeles, CA",2/1/2020 19:53,1,0,0,32
US,"Los Angeles, CA",1/2/2020 19:53,1,0,0,2
US,"Los Angeles, CA",1/2/2020 19:53,1,0,0,2
Macau,Macau,1/23/2020 12:00,2,0,0,23
Macau,Macau,1/30/2020 21:30,7,0,0,30
Macau,Macau,1/31/2020 19:00,7,0,0,31
Macau,Macau,2/2/2020 4:23,8,0,0,33
Macau,Macau,2/2/2020 4:23,8,0,0,33
Macau,Macau,1/25/2020 12:00,2,0,0,25
Macau,Macau,1/26/2020 23:00,6,0,0,26
Macau,Macau,1/31/2020 8:15,7,0,0,31
Macau,Macau,1/24/2020 12:00,2,0,0,24
China,Macau,1/22/2020 12:00,1,0,0,22
Macau,Macau,1/29/2020 21:00,7,0,0,29
Macau,Macau,1/27/2020 20:30,6,0,0,27
Macau,Macau,1/28/2020 23:00,7,0,0,28
Australia,New South Wales,1/30/2020 21:30,4,0,2,30
Australia,New South Wales,1/27/2020 20:30,4,0,0,27
Australia,New South Wales,2/1/2020 18:12,4,0,2,32
Australia,New South Wales,1/31/2020 19:00,4,0,2,31
Australia,New South Wales,1/29/2020 21:00,4,0,0,29
Australia,New South Wales,1/28/2020 23:00,4,0,0,28
Australia,New South Wales,1/2/2020 18:12,4,0,2,2
Australia,New South Wales,1/2/2020 18:12,4,0,2,2
Mainland China,Ningxia,1/24/2020 12:00,2,0,0,24
Mainland China,Ningxia,1/30/2020 21:30,21,0,1,30
Mainland China,Ningxia,1/25/2020 12:00,4,0,0,25
Mainland China,Ningxia,2/2/2020 1:43,28,0,0,33
Mainland China,Ningxia,2/2/2020 1:43,28,0,0,33
Mainland China,Ningxia,1/29/2020 21:00,12,0,0,29
Mainland China,Ningxia,1/28/2020 23:00,12,0,0,28
Mainland China,Ningxia,1/27/2020 20:30,7,0,0,27
Mainland China,Ningxia,1/26/2020 23:00,4,0,0,26
Mainland China,Ningxia,2/4/2020 2:13,34,0,1,35
Mainland China,Ningxia,1/23/2020 12:00,1,0,0,23
China,Ningxia,1/22/2020 12:00,1,0,0,22
Mainland China,Ningxia,1/31/2020 19:00,21,0,1,31
Canada,Ontario,1/30/2020 21:30,2,0,0,30
Canada,Ontario,1/27/2020 20:30,1,0,0,27
Canada,Ontario,1/2/2020 18:12,3,0,0,2
Canada,Ontario,1/28/2020 23:00,1,0,0,28
Canada,Ontario,1/2/2020 18:12,3,0,0,2
Canada,Ontario,1/26/2020 23:00,1,0,0,26
Canada,Ontario,1/31/2020 19:00,2,0,0,31
Canada,Ontario,1/29/2020 21:00,2,0,0,29
US,"Orange, CA",1/2/2020 19:53,1,0,0,2
US,"Orange, CA",2/1/2020 19:53,1,0,0,32
US,"Orange, CA",1/2/2020 19:53,1,0,0,2
Mainland China,Qinghai,1/24/2020 12:00,0,0,0,24
Mainland China,Qinghai,1/26/2020 23:00,4,0,0,26
Mainland China,Qinghai,1/25/2020 12:00,1,0,0,25
Mainland China,Qinghai,1/27/2020 20:30,6,0,0,27
Mainland China,Qinghai,1/30/2020 21:30,8,0,0,30
Mainland China,Qinghai,1/23/2020 12:00,0,0,0,23
Mainland China,Qinghai,1/28/2020 23:00,6,0,0,28
Mainland China,Qinghai,1/31/2020 19:00,8,0,0,31
China,Qinghai,1/22/2020 12:00,0,0,0,22
Mainland China,Qinghai,1/29/2020 21:00,6,0,0,29
Mainland China,Qinghai,2/4/2020 1:33,15,0,0,35
Mainland China,Qinghai,2/2/2020 5:33,11,0,0,33
Mainland China,Qinghai,1/2/2020 5:37,9,0,0,2
Australia,Queensland,1/29/2020 21:00,1,0,0,29
Australia,Queensland,1/30/2020 21:30,3,0,0,30
Australia,Queensland,1/2/2020 18:12,2,0,0,2
Australia,Queensland,1/31/2020 19:00,3,0,0,31
Australia,Queensland,2/2/2020 22:33,2,0,0,33
Australia,Queensland,2/2/2020 22:33,2,0,0,33
US,"San Benito, CA",2/3/2020 3:53,2,0,0,34
US,"Santa Clara, CA",1/2/2020 19:53,1,0,0,2
US,"Santa Clara, CA",2/3/2020 0:43,2,0,0,34
US,"Santa Clara, CA",3/2/2020 0:43,2,0,0,36
US,"Seattle, WA",1/2/2020 19:43,1,0,0,2
US,"Seattle, WA",1/2/2020 19:43,1,0,0,2
US,"Seattle, WA",2/1/2020 19:43,1,0,0,32
Mainland China,Shaanxi,2/2/2020 3:23,116,0,0,33
Mainland China,Shaanxi,2/2/2020 3:23,116,0,0,33
Mainland China,Shaanxi,1/31/2020 19:00,87,0,0,31
Mainland China,Shaanxi,2/4/2020 2:33,142,0,1,35
Mainland China,Shaanxi,1/28/2020 23:00,56,0,0,28
China,Shaanxi,1/22/2020 12:00,0,0,0,22
Mainland China,Shaanxi,1/24/2020 12:00,5,0,0,24
Mainland China,Shaanxi,1/26/2020 23:00,22,0,0,26
Mainland China,Shaanxi,1/25/2020 12:00,15,0,0,25
Mainland China,Shaanxi,1/23/2020 12:00,3,0,0,23
Mainland China,Shaanxi,1/30/2020 21:30,87,0,0,30
Mainland China,Shaanxi,1/27/2020 20:30,35,0,0,27
Mainland China,Shaanxi,1/29/2020 21:00,56,0,0,29
Mainland China,Shandong,1/25/2020 12:00,39,0,0,25
Mainland China,Shandong,1/29/2020 21:00,145,0,1,29
China,Shandong,1/22/2020 12:00,2,0,0,22
Mainland China,Shandong,1/24/2020 12:00,15,0,0,24
Mainland China,Shandong,1/28/2020 23:00,121,0,0,28
Mainland China,Shandong,2/4/2020 0:53,270,0,7,35
Mainland China,Shandong,1/23/2020 12:00,6,0,0,23
Mainland China,Shandong,1/31/2020 19:00,184,0,2,31
Mainland China,Shandong,2/2/2020 1:03,225,0,5,33
Mainland China,Shandong,1/27/2020 20:30,87,1,0,27
Mainland China,Shandong,3/2/2020 1:13,246,0,6,36
Mainland China,Shandong,1/26/2020 23:00,63,0,0,26
Mainland China,Shandong,1/30/2020 21:30,178,0,2,30
Mainland China,Shanghai,2/2/2020 0:23,177,1,10,33
Mainland China,Shanghai,1/23/2020 12:00,16,0,0,23
Mainland China,Shanghai,1/27/2020 20:30,66,1,3,27
Mainland China,Shanghai,2/4/2020 0:13,208,1,10,35
Mainland China,Shanghai,1/26/2020 23:00,53,1,1,26
China,Shanghai,1/22/2020 12:00,9,0,0,22
Mainland China,Shanghai,3/2/2020 0:03,193,1,10,36
Mainland China,Shanghai,1/25/2020 12:00,40,1,1,25
Mainland China,Shanghai,1/24/2020 12:00,20,0,1,24
Mainland China,Shanghai,1/29/2020 21:00,101,1,5,29
Mainland China,Shanghai,1/28/2020 23:00,80,1,4,28
Mainland China,Shanghai,1/31/2020 19:00,153,1,9,31
Mainland China,Shanghai,1/30/2020 21:30,128,1,9,30
Mainland China,Shanxi,1/24/2020 12:00,1,0,0,24
Mainland China,Shanxi,2/2/2020 23:23,66,0,3,33
Mainland China,Shanxi,1/23/2020 12:00,1,0,0,23
Mainland China,Shanxi,1/30/2020 21:30,39,0,1,30
Mainland China,Shanxi,1/27/2020 20:30,20,0,0,27
China,Shanxi,1/22/2020 12:00,1,0,0,22
Mainland China,Shanxi,1/28/2020 23:00,27,0,0,28
Mainland China,Shanxi,2/3/2020 23:13,74,0,2,34
Mainland China,Shanxi,1/25/2020 12:00,9,0,0,25
Mainland China,Shanxi,1/29/2020 21:00,35,0,1,29
Mainland China,Shanxi,1/2/2020 23:33,56,0,1,2
Mainland China,Shanxi,1/31/2020 19:00,47,0,1,31
Mainland China,Shanxi,1/26/2020 23:00,13,0,0,26
Mainland China,Sichuan,1/26/2020 23:00,69,0,0,26
Mainland China,Sichuan,1/25/2020 12:00,44,0,0,25
Mainland China,Sichuan,1/23/2020 12:00,8,0,0,23
Mainland China,Sichuan,1/27/2020 20:30,90,0,0,27
Mainland China,Sichuan,3/2/2020 1:03,254,1,12,36
Mainland China,Sichuan,2/2/2020 1:03,231,1,3,33
Mainland China,Sichuan,1/24/2020 12:00,15,0,0,24
Mainland China,Sichuan,1/30/2020 21:30,177,1,1,30
Mainland China,Sichuan,1/29/2020 21:00,142,1,1,29
Mainland China,Sichuan,1/31/2020 19:00,177,1,1,31
China,Sichuan,1/22/2020 12:00,5,0,0,22
Mainland China,Sichuan,1/28/2020 23:00,108,0,0,28
Mainland China,Sichuan,2/4/2020 1:43,282,1,14,35
Australia,South Australia,1/2/2020 18:12,2,0,0,2
Australia,South Australia,2/2/2020 22:33,2,0,0,33
Australia,South Australia,2/2/2020 22:33,2,0,0,33
Taiwan,Taiwan,1/31/2020 19:00,10,0,0,31
Taiwan,Taiwan,1/25/2020 12:00,3,0,0,25
Taiwan,Taiwan,1/28/2020 23:00,8,0,0,28
Taiwan,Taiwan,1/30/2020 21:30,9,0,0,30
Taiwan,Taiwan,1/31/2020 15:20,10,0,0,31
Taiwan,Taiwan,1/31/2020 15:20,10,0,0,31
Taiwan,Taiwan,1/31/2020 15:20,10,0,0,31
Taiwan,Taiwan,1/27/2020 20:30,5,0,0,27
Taiwan,Taiwan,1/24/2020 12:00,3,0,0,24
Taiwan,Taiwan,1/23/2020 12:00,1,0,0,23
Taiwan,Taiwan,1/29/2020 21:00,8,0,0,29
China,Taiwan,1/22/2020 12:00,1,0,0,22
Taiwan,Taiwan,1/26/2020 23:00,4,0,0,26
US,"Tempe, AZ",1/2/2020 19:43,1,0,0,2
US,"Tempe, AZ",1/2/2020 19:43,1,0,0,2
US,"Tempe, AZ",2/1/2020 19:43,1,0,0,32
Mainland China,Tianjin,1/25/2020 12:00,13,0,0,25
Mainland China,Tianjin,1/29/2020 21:00,27,0,0,29
Mainland China,Tianjin,1/27/2020 20:30,23,0,0,27
Mainland China,Tianjin,1/31/2020 19:00,32,0,0,31
Mainland China,Tianjin,2/3/2020 13:53,60,0,1,34
Mainland China,Tianjin,1/28/2020 23:00,25,0,0,28
China,Tianjin,1/22/2020 12:00,4,0,0,22
Mainland China,Tianjin,1/24/2020 12:00,8,0,0,24
Mainland China,Tianjin,1/23/2020 12:00,4,0,0,23
Mainland China,Tianjin,2/2/2020 2:03,45,0,0,33
Mainland China,Tianjin,1/30/2020 21:30,32,0,0,30
Mainland China,Tianjin,2/2/2020 9:43,48,0,1,33
Mainland China,Tianjin,1/26/2020 23:00,14,0,0,26
Mainland China,Tibet,1/2/2020 1:52,1,0,0,2
China,Tibet,1/22/2020 12:00,0,0,0,22
Mainland China,Tibet,1/31/2020 19:00,1,0,0,31
Mainland China,Tibet,1/29/2020 21:00,1,0,0,29
Mainland China,Tibet,1/2/2020 1:52,1,0,0,2
Mainland China,Tibet,1/30/2020 21:30,1,0,0,30
Mainland China,Tibet,1/23/2020 12:00,0,0,0,23
Mainland China,Tibet,2/1/2020 1:52,1,0,0,32
Canada,"Toronto, ON",2/4/2020 0:13,2,0,0,35
Australia,Victoria,1/2/2020 18:12,4,0,0,2
Australia,Victoria,1/2/2020 18:12,4,0,0,2
Australia,Victoria,1/30/2020 21:30,2,0,0,30
Australia,Victoria,1/31/2020 19:00,2,0,0,31
Australia,Victoria,2/1/2020 18:12,4,0,0,32
Australia,Victoria,1/29/2020 21:00,2,0,0,29
Australia,Victoria,1/28/2020 23:00,1,0,0,28
Australia,Victoria,1/27/2020 20:30,1,0,0,27
US,Washington,1/22/2020 12:00,1,0,0,22
US,Washington,1/31/2020 19:00,1,0,0,31
US,Washington,1/25/2020 12:00,1,0,0,25
US,Washington,1/26/2020 23:00,1,0,0,26
US,Washington,1/23/2020 12:00,1,0,0,23
US,Washington,1/29/2020 21:00,1,0,0,29
US,Washington,1/24/2020 12:00,1,0,0,24
US,Washington,1/27/2020 20:30,1,0,0,27
US,Washington,1/30/2020 21:30,1,0,0,30
US,Washington,1/28/2020 18:00,1,0,0,28
Mainland China,Xinjiang,1/24/2020 12:00,2,0,0,24
Mainland China,Xinjiang,1/27/2020 20:30,5,0,0,27
Mainland China,Xinjiang,2/4/2020 1:33,29,0,0,35
Mainland China,Xinjiang,1/28/2020 23:00,13,0,0,28
China,Xinjiang,1/22/2020 12:00,0,0,0,22
Mainland China,Xinjiang,1/31/2020 19:00,17,0,0,31
Mainland China,Xinjiang,1/29/2020 21:00,14,0,0,29
Mainland China,Xinjiang,1/23/2020 12:00,2,0,0,23
Mainland China,Xinjiang,1/25/2020 12:00,4,0,0,25
Mainland China,Xinjiang,3/2/2020 1:13,24,0,0,36
Mainland China,Xinjiang,1/30/2020 21:30,17,0,0,30
Mainland China,Xinjiang,2/2/2020 0:43,21,0,0,33
Mainland China,Xinjiang,1/26/2020 23:00,5,0,0,26
Mainland China,Yunnan,1/29/2020 21:00,55,0,0,29
Mainland China,Yunnan,1/31/2020 19:00,83,0,1,31
Mainland China,Yunnan,1/30/2020 21:30,76,0,0,30
Mainland China,Yunnan,1/2/2020 15:53,93,0,2,2
Mainland China,Yunnan,1/28/2020 23:00,44,0,0,28
Mainland China,Yunnan,1/24/2020 12:00,5,0,0,24
China,Yunnan,1/22/2020 12:00,1,0,0,22
Mainland China,Yunnan,2/2/2020 18:03,105,0,3,33
Mainland China,Yunnan,1/27/2020 20:30,26,0,0,27
Mainland China,Yunnan,1/25/2020 12:00,11,0,0,25
Mainland China,Yunnan,1/26/2020 23:00,19,0,0,26
Mainland China,Yunnan,2/3/2020 23:23,117,0,5,34
Mainland China,Yunnan,1/23/2020 12:00,2,0,0,23
Mainland China,Zhejiang,2/4/2020 1:43,829,0,48,35
Mainland China,Zhejiang,3/2/2020 1:33,724,0,36,36
Mainland China,Zhejiang,1/31/2020 19:00,537,0,14,31
Mainland China,Zhejiang,1/24/2020 12:00,43,0,1,24
Mainland China,Zhejiang,1/23/2020 12:00,27,0,0,23
Mainland China,Zhejiang,1/25/2020 22:00,104,0,1,25
Mainland China,Zhejiang,1/28/2020 23:00,296,0,3,28
Mainland China,Zhejiang,1/26/2020 23:00,128,0,1,26
Mainland China,Zhejiang,1/27/2020 20:30,173,0,1,27
Mainland China,Zhejiang,1/29/2020 21:00,428,0,4,29
China,Zhejiang,1/22/2020 12:00,10,0,0,22
Mainland China,Zhejiang,1/30/2020 21:30,537,0,9,30
Mainland China,Zhejiang,2/2/2020 2:13,661,0,23,33
France,,1/2/2020 1:52,6,0,0,2
UK,,1/2/2020 1:52,2,0,0,2
France,,1/2/2020 1:52,6,0,0,2
UK,,1/2/2020 1:52,2,0,0,2
Sweden,,1/2/2020 2:13,1,0,0,2
Sweden,,1/2/2020 2:13,1,0,0,2
Vietnam,,1/2/2020 7:38,6,0,1,2
Vietnam,,1/2/2020 7:38,6,0,1,2
Japan,,1/2/2020 18:53,20,0,1,2
Japan,,1/2/2020 18:53,20,0,1,2
Germany,,1/2/2020 23:33,8,0,0,2
Spain,,1/2/2020 23:43,1,0,0,2
Spain,,1/2/2020 23:43,1,0,0,2
Japan,,1/22/2020 12:00,2,0,0,22
Thailand,,1/22/2020 12:00,2,0,0,22
South Korea,,1/22/2020 12:00,1,0,0,22
Japan,,1/23/2020 12:00,1,0,0,23
Thailand,,1/23/2020 12:00,3,0,0,23
South Korea,,1/23/2020 12:00,1,0,0,23
Singapore,,1/23/2020 12:00,1,0,0,23
Philippines,,1/23/2020 12:00,0,0,0,23
Malaysia,,1/23/2020 12:00,0,0,0,23
Vietnam,,1/23/2020 12:00,2,0,0,23
Australia,,1/23/2020 12:00,0,0,0,23
Mexico,,1/23/2020 12:00,0,0,0,23
Brazil,,1/23/2020 12:00,0,0,0,23
Japan,,1/24/2020 12:00,2,0,0,24
Thailand,,1/24/2020 12:00,5,0,0,24
South Korea,,1/24/2020 12:00,2,0,0,24
Singapore,,1/24/2020 12:00,3,0,0,24
Vietnam,,1/24/2020 12:00,2,0,0,24
France,,1/24/2020 16:00,2,0,0,24
Japan,,1/25/2020 12:00,2,0,0,25
Thailand,,1/25/2020 12:00,7,0,0,25
South Korea,,1/25/2020 12:00,3,0,0,25
Singapore,,1/25/2020 12:00,3,0,0,25
Vietnam,,1/25/2020 12:00,2,0,0,25
France,,1/25/2020 12:00,3,0,0,25
Australia,,1/25/2020 12:00,4,0,0,25
Nepal,,1/25/2020 12:00,1,0,0,25
Malaysia,,1/25/2020 12:00,3,0,0,25
Japan,,1/26/2020 23:00,4,0,1,26
Thailand,,1/26/2020 23:00,8,0,2,26
South Korea,,1/26/2020 23:00,3,0,0,26
Singapore,,1/26/2020 23:00,4,0,0,26
Vietnam,,1/26/2020 23:00,2,0,0,26
France,,1/26/2020 23:00,3,0,0,26
Australia,,1/26/2020 23:00,4,0,0,26
Nepal,,1/26/2020 23:00,1,0,0,26
Malaysia,,1/26/2020 23:00,4,0,0,26
Japan,,1/27/2020 20:30,4,0,1,27
Thailand,,1/27/2020 20:30,8,0,2,27
South Korea,,1/27/2020 20:30,4,0,0,27
Singapore,,1/27/2020 20:30,5,0,0,27
Vietnam,,1/27/2020 20:30,2,0,0,27
France,,1/27/2020 20:30,3,0,0,27
Nepal,,1/27/2020 20:30,1,0,0,27
Malaysia,,1/27/2020 20:30,4,0,0,27
Cambodia,,1/27/2020 20:30,1,0,0,27
Sri Lanka,,1/27/2020 20:30,1,0,0,27
Ivory Coast,,1/27/2020 20:30,0,0,0,27
Japan,,1/28/2020 23:00,7,0,1,28
Thailand,,1/28/2020 23:00,14,0,5,28
South Korea,,1/28/2020 23:00,4,0,0,28
Singapore,,1/28/2020 23:00,7,0,0,28
Vietnam,,1/28/2020 23:00,2,0,0,28
France,,1/28/2020 23:00,4,0,0,28
Nepal,,1/28/2020 23:00,1,0,0,28
Malaysia,,1/28/2020 23:00,7,0,0,28
Cambodia,,1/28/2020 23:00,1,0,0,28
Sri Lanka,,1/28/2020 23:00,1,0,0,28
Japan,,1/29/2020 21:00,11,0,1,29
Thailand,,1/29/2020 21:00,14,0,5,29
South Korea,,1/29/2020 21:00,4,0,0,29
Singapore,,1/29/2020 21:00,10,0,0,29
Vietnam,,1/29/2020 21:00,2,0,0,29
France,,1/29/2020 21:00,5,0,0,29
Nepal,,1/29/2020 21:00,1,0,0,29
Malaysia,,1/29/2020 21:00,7,0,0,29
Cambodia,,1/29/2020 21:00,1,0,0,29
Sri Lanka,,1/29/2020 21:00,1,0,0,29
Finland,,1/29/2020 21:00,1,0,0,29
United Arab Emirates,,1/29/2020 21:00,4,0,0,29
Japan,,1/30/2020 21:30,11,0,1,30
Thailand,,1/30/2020 21:30,14,0,5,30
South Korea,,1/30/2020 21:30,6,0,0,30
Singapore,,1/30/2020 21:30,10,0,0,30
Vietnam,,1/30/2020 21:30,2,0,0,30
France,,1/30/2020 21:30,5,0,0,30
Nepal,,1/30/2020 21:30,1,0,0,30
Malaysia,,1/30/2020 21:30,8,0,0,30
Cambodia,,1/30/2020 21:30,1,0,0,30
Sri Lanka,,1/30/2020 21:30,1,0,0,30
Finland,,1/30/2020 21:30,1,0,0,30
United Arab Emirates,,1/30/2020 21:30,4,0,0,30
Philippines,,1/30/2020 21:30,1,0,0,30
India,,1/30/2020 21:30,1,0,0,30
Italy,,1/30/2020 21:30,2,0,0,30
Malaysia,,1/31/2020 8:15,8,0,0,31
United Arab Emirates,,1/31/2020 8:15,4,0,0,31
Italy,,1/31/2020 8:15,2,0,0,31
Cambodia,,1/31/2020 8:15,1,0,0,31
Finland,,1/31/2020 8:15,1,0,0,31
India,,1/31/2020 8:15,1,0,0,31
Nepal,,1/31/2020 8:15,1,0,0,31
Sri Lanka,,1/31/2020 8:15,1,0,0,31
Malaysia,,1/31/2020 8:15,8,0,0,31
Italy,,1/31/2020 8:15,2,0,0,31
Cambodia,,1/31/2020 8:15,1,0,0,31
Finland,,1/31/2020 8:15,1,0,0,31
Nepal,,1/31/2020 8:15,1,0,0,31
Sri Lanka,,1/31/2020 8:15,1,0,0,31
Malaysia,,1/31/2020 8:15,8,0,0,31
Italy,,1/31/2020 8:15,2,0,0,31
Cambodia,,1/31/2020 8:15,1,0,0,31
Finland,,1/31/2020 8:15,1,0,0,31
Nepal,,1/31/2020 8:15,1,0,0,31
Sri Lanka,,1/31/2020 8:15,1,0,0,31
Thailand,,1/31/2020 10:37,19,0,5,31
Thailand,,1/31/2020 10:37,19,0,5,31
Thailand,,1/31/2020 10:37,19,0,5,31
Russia,,1/31/2020 16:13,2,0,0,31
Russia,,1/31/2020 16:13,2,0,0,31
Russia,,1/31/2020 16:13,2,0,0,31
Japan,,1/31/2020 19:00,17,0,1,31
Thailand,,1/31/2020 19:00,19,0,7,31
South Korea,,1/31/2020 19:00,11,0,0,31
Singapore,,1/31/2020 19:00,16,0,0,31
Vietnam,,1/31/2020 19:00,2,0,0,31
France,,1/31/2020 19:00,6,0,0,31
Nepal,,1/31/2020 19:00,1,0,0,31
Malaysia,,1/31/2020 19:00,8,0,0,31
Cambodia,,1/31/2020 19:00,1,0,0,31
Sri Lanka,,1/31/2020 19:00,1,0,0,31
Finland,,1/31/2020 19:00,1,0,0,31
United Arab Emirates,,1/31/2020 19:00,4,0,0,31
Philippines,,1/31/2020 19:00,1,0,0,31
India,,1/31/2020 19:00,1,0,0,31
Italy,,1/31/2020 19:00,2,0,0,31
Sweden,,1/31/2020 19:00,1,0,0,31
Russia,,1/31/2020 19:00,2,0,0,31
Spain,,1/31/2020 19:00,1,0,0,31
UK,,1/31/2020 19:00,2,0,0,31
France,,2/1/2020 1:52,6,0,0,32
UK,,2/1/2020 1:52,2,0,0,32
Sweden,,2/1/2020 2:13,1,0,0,32
Japan,,2/1/2020 18:53,20,0,1,32
Spain,,2/1/2020 23:43,1,0,0,32
Singapore,,2/2/2020 1:03,18,0,0,33
Singapore,,2/2/2020 1:03,18,0,0,33
Singapore,,2/2/2020 1:03,18,0,0,33
South Korea,,2/2/2020 2:23,15,0,0,33
South Korea,,2/2/2020 2:23,15,0,0,33
South Korea,,2/2/2020 2:23,15,0,0,33
Philippines,,2/2/2020 3:33,2,1,0,33
Philippines,,2/2/2020 3:33,2,1,0,33
Philippines,,2/2/2020 3:33,2,1,0,33
United Arab Emirates,,2/2/2020 5:43,5,0,0,33
United Arab Emirates,,2/2/2020 5:43,5,0,0,33
India,,2/2/2020 6:03,2,0,0,33
Germany,,2/2/2020 18:03,10,0,0,33
Germany,,2/3/2020 20:53,12,0,0,34
Vietnam,,2/3/2020 21:43,8,0,1,34
India,,2/3/2020 21:43,3,0,0,34
