Province/State,Country,Last Update,Confirmed,Deaths,Recovered
discrete,discrete,discrete,continuous,continuous,continuous
,,,,,
Anhui,China,1/22/2020 12:00,1,0,0
Beijing,China,1/22/2020 12:00,14,0,0
Chongqing,China,1/22/2020 12:00,6,0,0
Fujian,China,1/22/2020 12:00,1,0,0
Gansu,China,1/22/2020 12:00,0,0,0
Guangdong,China,1/22/2020 12:00,26,0,0
Guangxi,China,1/22/2020 12:00,2,0,0
Guizhou,China,1/22/2020 12:00,1,0,0
Hainan,China,1/22/2020 12:00,4,0,0
Hebei,China,1/22/2020 12:00,1,0,0
Heilongjiang,China,1/22/2020 12:00,0,0,0
Henan,China,1/22/2020 12:00,5,0,0
Hong Kong,China,1/22/2020 12:00,0,0,0
Hubei,China,1/22/2020 12:00,444,0,0
Hunan,China,1/22/2020 12:00,4,0,0
Inner Mongolia,China,1/22/2020 12:00,0,0,0
Jiangsu,China,1/22/2020 12:00,1,0,0
Jiangxi,China,1/22/2020 12:00,2,0,0
Jilin,China,1/22/2020 12:00,0,0,0
Liaoning,China,1/22/2020 12:00,2,0,0
Macau,China,1/22/2020 12:00,1,0,0
Ningxia,China,1/22/2020 12:00,1,0,0
Qinghai,China,1/22/2020 12:00,0,0,0
Shaanxi,China,1/22/2020 12:00,0,0,0
Shandong,China,1/22/2020 12:00,2,0,0
Shanghai,China,1/22/2020 12:00,9,0,0
Shanxi,China,1/22/2020 12:00,1,0,0
Sichuan,China,1/22/2020 12:00,5,0,0
Taiwan,China,1/22/2020 12:00,1,0,0
Tianjin,China,1/22/2020 12:00,4,0,0
Tibet,China,1/22/2020 12:00,0,0,0
Washington,US,1/22/2020 12:00,1,0,0
Xinjiang,China,1/22/2020 12:00,0,0,0
Yunnan,China,1/22/2020 12:00,1,0,0
Zhejiang,China,1/22/2020 12:00,10,0,0
,Japan,1/22/2020 12:00,2,0,0
,Thailand,1/22/2020 12:00,2,0,0
,South Korea,1/22/2020 12:00,1,0,0
Anhui,Mainland China,1/23/2020 12:00,9,0,0
Beijing,Mainland China,1/23/2020 12:00,22,0,0
Chongqing,Mainland China,1/23/2020 12:00,9,0,0
Fujian,Mainland China,1/23/2020 12:00,5,0,0
Gansu,Mainland China,1/23/2020 12:00,2,0,0
Guangdong,Mainland China,1/23/2020 12:00,32,0,2
Guangxi,Mainland China,1/23/2020 12:00,5,0,0
Guizhou,Mainland China,1/23/2020 12:00,3,0,0
Hainan,Mainland China,1/23/2020 12:00,5,0,0
Hebei,Mainland China,1/23/2020 12:00,1,1,0
Heilongjiang,Mainland China,1/23/2020 12:00,2,0,0
Henan,Mainland China,1/23/2020 12:00,5,0,0
Hong Kong,Hong Kong,1/23/2020 12:00,2,0,0
Hubei,Mainland China,1/23/2020 12:00,444,17,28
Hunan,Mainland China,1/23/2020 12:00,9,0,0
Inner Mongolia,Mainland China,1/23/2020 12:00,0,0,0
Jiangsu,Mainland China,1/23/2020 12:00,5,0,0
Jiangxi,Mainland China,1/23/2020 12:00,7,0,0
Jilin,Mainland China,1/23/2020 12:00,1,0,0
Liaoning,Mainland China,1/23/2020 12:00,3,0,0
Macau,Macau,1/23/2020 12:00,2,0,0
Ningxia,Mainland China,1/23/2020 12:00,1,0,0
Qinghai,Mainland China,1/23/2020 12:00,0,0,0
Shaanxi,Mainland China,1/23/2020 12:00,3,0,0
Shandong,Mainland China,1/23/2020 12:00,6,0,0
Shanghai,Mainland China,1/23/2020 12:00,16,0,0
Shanxi,Mainland China,1/23/2020 12:00,1,0,0
Sichuan,Mainland China,1/23/2020 12:00,8,0,0
Taiwan,Taiwan,1/23/2020 12:00,1,0,0
Tianjin,Mainland China,1/23/2020 12:00,4,0,0
Tibet,Mainland China,1/23/2020 12:00,0,0,0
Washington,US,1/23/2020 12:00,1,0,0
Xinjiang,Mainland China,1/23/2020 12:00,2,0,0
Yunnan,Mainland China,1/23/2020 12:00,2,0,0
Zhejiang,Mainland China,1/23/2020 12:00,27,0,0
,Japan,1/23/2020 12:00,1,0,0
,Thailand,1/23/2020 12:00,3,0,0
,South Korea,1/23/2020 12:00,1,0,0
,Singapore,1/23/2020 12:00,1,0,0
,Philippines,1/23/2020 12:00,0,0,0
,Malaysia,1/23/2020 12:00,0,0,0
,Vietnam,1/23/2020 12:00,2,0,0
,Australia,1/23/2020 12:00,0,0,0
,Mexico,1/23/2020 12:00,0,0,0
,Brazil,1/23/2020 12:00,0,0,0
Hubei,Mainland China,1/24/2020 12:00,549,24,31
Guangdong,Mainland China,1/24/2020 12:00,53,0,2
Zhejiang,Mainland China,1/24/2020 12:00,43,0,1
Beijing,Mainland China,1/24/2020 12:00,36,0,1
Chongqing,Mainland China,1/24/2020 12:00,27,0,0
Hunan,Mainland China,1/24/2020 12:00,24,0,0
Guangxi,Mainland China,1/24/2020 12:00,23,0,0
Shanghai,Mainland China,1/24/2020 12:00,20,0,1
Jiangxi,Mainland China,1/24/2020 12:00,18,0,0
Sichuan,Mainland China,1/24/2020 12:00,15,0,0
Shandong,Mainland China,1/24/2020 12:00,15,0,0
Anhui,Mainland China,1/24/2020 12:00,15,0,0
Fujian,Mainland China,1/24/2020 12:00,10,0,0
Henan,Mainland China,1/24/2020 12:00,9,0,0
Jiangsu,Mainland China,1/24/2020 12:00,9,0,0
Hainan,Mainland China,1/24/2020 12:00,8,0,0
Tianjin,Mainland China,1/24/2020 12:00,8,0,0
Yunnan,Mainland China,1/24/2020 12:00,5,0,0
Shaanxi,Mainland China,1/24/2020 12:00,5,0,0
Heilongjiang,Mainland China,1/24/2020 12:00,4,1,0
Liaoning,Mainland China,1/24/2020 12:00,4,0,0
Guizhou,Mainland China,1/24/2020 12:00,3,0,0
Jilin,Mainland China,1/24/2020 12:00,3,0,0
Taiwan,Taiwan,1/24/2020 12:00,3,0,0
Ningxia,Mainland China,1/24/2020 12:00,2,0,0
Hong Kong,Hong Kong,1/24/2020 12:00,2,0,0
Macau,Macau,1/24/2020 12:00,2,0,0
Hebei,Mainland China,1/24/2020 12:00,2,1,0
Gansu,Mainland China,1/24/2020 12:00,2,0,0
Xinjiang,Mainland China,1/24/2020 12:00,2,0,0
Shanxi,Mainland China,1/24/2020 12:00,1,0,0
Inner Mongolia,Mainland China,1/24/2020 12:00,1,0,0
Qinghai,Mainland China,1/24/2020 12:00,0,0,0
Washington,US,1/24/2020 12:00,1,0,0
Chicago,US,1/24/2020 12:00,1,0,0
,Japan,1/24/2020 12:00,2,0,0
,Thailand,1/24/2020 12:00,5,0,0
,South Korea,1/24/2020 12:00,2,0,0
,Singapore,1/24/2020 12:00,3,0,0
,Vietnam,1/24/2020 12:00,2,0,0
,France,1/24/2020 16:00,2,0,0
Hubei,Mainland China,1/25/2020 22:00,1052,52,42
Zhejiang,Mainland China,1/25/2020 22:00,104,0,1
Guangdong,Mainland China,1/25/2020 12:00,98,0,2
Henan,Mainland China,1/25/2020 12:00,83,1,0
Chongqing,Mainland China,1/25/2020 12:00,75,0,0
Hunan,Mainland China,1/25/2020 12:00,69,0,0
Anhui,Mainland China,1/25/2020 12:00,60,0,0
Beijing,Mainland China,1/25/2020 12:00,51,0,2
Sichuan,Mainland China,1/25/2020 12:00,44,0,0
Shanghai,Mainland China,1/25/2020 12:00,40,1,1
Shandong,Mainland China,1/25/2020 12:00,39,0,0
Jiangxi,Mainland China,1/25/2020 12:00,36,0,0
Guangxi,Mainland China,1/25/2020 12:00,33,0,0
Jiangsu,Mainland China,1/25/2020 12:00,31,0,1
Hainan,Mainland China,1/25/2020 12:00,19,0,0
Liaoning,Mainland China,1/25/2020 12:00,19,0,0
Fujian,Mainland China,1/25/2020 12:00,18,1,0
Heilongjiang,Mainland China,1/25/2020 12:00,15,0,0
Shaanxi,Mainland China,1/25/2020 12:00,15,0,0
Tianjin,Mainland China,1/25/2020 12:00,13,0,0
Hebei,Mainland China,1/25/2020 12:00,13,1,0
Yunnan,Mainland China,1/25/2020 12:00,11,0,0
Shanxi,Mainland China,1/25/2020 12:00,9,0,0
Inner Mongolia,Mainland China,1/25/2020 12:00,7,0,0
Gansu,Mainland China,1/25/2020 12:00,7,0,0
Guizhou,Mainland China,1/25/2020 12:00,5,0,0
Hong Kong,Hong Kong,1/25/2020 12:00,5,0,0
Ningxia,Mainland China,1/25/2020 12:00,4,0,0
Jilin,Mainland China,1/25/2020 12:00,4,0,0
Xinjiang,Mainland China,1/25/2020 12:00,4,0,0
Taiwan,Taiwan,1/25/2020 12:00,3,0,0
Macau,Macau,1/25/2020 12:00,2,0,0
Qinghai,Mainland China,1/25/2020 12:00,1,0,0
Washington,US,1/25/2020 12:00,1,0,0
Illinois,US,1/25/2020 12:00,1,0,0
,Japan,1/25/2020 12:00,2,0,0
,Thailand,1/25/2020 12:00,7,0,0
,South Korea,1/25/2020 12:00,3,0,0
,Singapore,1/25/2020 12:00,3,0,0
,Vietnam,1/25/2020 12:00,2,0,0
,France,1/25/2020 12:00,3,0,0
,Australia,1/25/2020 12:00,4,0,0
,Nepal,1/25/2020 12:00,1,0,0
,Malaysia,1/25/2020 12:00,3,0,0
Hubei,Mainland China,1/26/2020 23:00,1423,76,44
Guangdong,Mainland China,1/26/2020 23:00,146,0,2
Zhejiang,Mainland China,1/26/2020 23:00,128,0,1
Henan,Mainland China,1/26/2020 23:00,128,1,0
Chongqing,Mainland China,1/26/2020 23:00,110,0,0
Hunan,Mainland China,1/26/2020 23:00,100,0,0
Anhui,Mainland China,1/26/2020 23:00,70,0,0
Sichuan,Mainland China,1/26/2020 23:00,69,0,0
Beijing,Mainland China,1/26/2020 23:00,68,0,2
Shandong,Mainland China,1/26/2020 23:00,63,0,0
Shanghai,Mainland China,1/26/2020 23:00,53,1,1
Jiangxi,Mainland China,1/26/2020 23:00,48,0,0
Jiangsu,Mainland China,1/26/2020 23:00,47,0,1
Guangxi,Mainland China,1/26/2020 23:00,46,0,0
Fujian,Mainland China,1/26/2020 23:00,35,0,0
Liaoning,Mainland China,1/26/2020 23:00,23,0,0
Hainan,Mainland China,1/26/2020 23:00,22,0,0
Shaanxi,Mainland China,1/26/2020 23:00,22,0,0
Heilongjiang,Mainland China,1/26/2020 23:00,21,1,0
Yunnan,Mainland China,1/26/2020 23:00,19,0,0
Hebei,Mainland China,1/26/2020 23:00,18,1,0
Tianjin,Mainland China,1/26/2020 23:00,14,0,0
Gansu,Mainland China,1/26/2020 23:00,14,0,0
Shanxi,Mainland China,1/26/2020 23:00,13,0,0
Inner Mongolia,Mainland China,1/26/2020 23:00,11,0,0
Hong Kong,Hong Kong,1/26/2020 23:00,8,0,0
Guizhou,Mainland China,1/26/2020 23:00,7,0,0
Jilin,Mainland China,1/26/2020 23:00,6,0,0
Macau,Macau,1/26/2020 23:00,6,0,0
Xinjiang,Mainland China,1/26/2020 23:00,5,0,0
Ningxia,Mainland China,1/26/2020 23:00,4,0,0
Taiwan,Taiwan,1/26/2020 23:00,4,0,0
Qinghai,Mainland China,1/26/2020 23:00,4,0,0
Washington,US,1/26/2020 23:00,1,0,0
Illinois,US,1/26/2020 23:00,1,0,0
California,US,1/26/2020 23:00,2,0,0
Arizona,US,1/26/2020 23:00,1,0,0
,Japan,1/26/2020 23:00,4,0,1
,Thailand,1/26/2020 23:00,8,0,2
,South Korea,1/26/2020 23:00,3,0,0
,Singapore,1/26/2020 23:00,4,0,0
,Vietnam,1/26/2020 23:00,2,0,0
,France,1/26/2020 23:00,3,0,0
,Australia,1/26/2020 23:00,4,0,0
,Nepal,1/26/2020 23:00,1,0,0
,Malaysia,1/26/2020 23:00,4,0,0
Ontario,Canada,1/26/2020 23:00,1,0,0
Hubei,Mainland China,1/27/2020 20:30,2714,100,47
Zhejiang,Mainland China,1/27/2020 20:30,173,0,1
Henan,Mainland China,1/27/2020 20:30,168,1,0
Guangdong,Mainland China,1/27/2020 20:30,151,0,4
Chongqing,Mainland China,1/27/2020 20:30,132,0,0
Anhui,Mainland China,1/27/2020 20:30,106,0,0
Hunan,Mainland China,1/27/2020 20:30,100,0,0
Sichuan,Mainland China,1/27/2020 20:30,90,0,0
Shandong,Mainland China,1/27/2020 20:30,87,1,0
Beijing,Mainland China,1/27/2020 20:30,80,1,2
Jiangxi,Mainland China,1/27/2020 20:30,72,0,2
Jiangsu,Mainland China,1/27/2020 20:30,70,0,1
Shanghai,Mainland China,1/27/2020 20:30,66,1,3
Fujian,Mainland China,1/27/2020 20:30,59,0,0
Guangxi,Mainland China,1/27/2020 20:30,51,0,0
Shaanxi,Mainland China,1/27/2020 20:30,35,0,0
Hainan,Mainland China,1/27/2020 20:30,33,1,0
Hebei,Mainland China,1/27/2020 20:30,33,1,0
Heilongjiang,Mainland China,1/27/2020 20:30,30,1,0
Liaoning,Mainland China,1/27/2020 20:30,27,0,0
Yunnan,Mainland China,1/27/2020 20:30,26,0,0
Tianjin,Mainland China,1/27/2020 20:30,23,0,0
Shanxi,Mainland China,1/27/2020 20:30,20,0,0
Gansu,Mainland China,1/27/2020 20:30,19,0,0
Inner Mongolia,Mainland China,1/27/2020 20:30,11,0,0
Guizhou,Mainland China,1/27/2020 20:30,9,0,0
Hong Kong,Hong Kong,1/27/2020 20:30,8,0,0
Ningxia,Mainland China,1/27/2020 20:30,7,0,0
Jilin,Mainland China,1/27/2020 20:30,6,0,0
Macau,Macau,1/27/2020 20:30,6,0,0
Qinghai,Mainland China,1/27/2020 20:30,6,0,0
Taiwan,Taiwan,1/27/2020 20:30,5,0,0
Xinjiang,Mainland China,1/27/2020 20:30,5,0,0
Washington,US,1/27/2020 20:30,1,0,0
Illinois,US,1/27/2020 20:30,1,0,0
California,US,1/27/2020 20:30,2,0,0
Arizona,US,1/27/2020 20:30,1,0,0
,Japan,1/27/2020 20:30,4,0,1
,Thailand,1/27/2020 20:30,8,0,2
,South Korea,1/27/2020 20:30,4,0,0
,Singapore,1/27/2020 20:30,5,0,0
,Vietnam,1/27/2020 20:30,2,0,0
,France,1/27/2020 20:30,3,0,0
,Nepal,1/27/2020 20:30,1,0,0
,Malaysia,1/27/2020 20:30,4,0,0
Ontario,Canada,1/27/2020 20:30,1,0,0
,Cambodia,1/27/2020 20:30,1,0,0
,Sri Lanka,1/27/2020 20:30,1,0,0
,Ivory Coast,1/27/2020 20:30,0,0,0
New South Wales,Australia,1/27/2020 20:30,4,0,0
Victoria,Australia,1/27/2020 20:30,1,0,0
Bavaria,Germany,1/27/2020 20:30,1,0,0
Hubei,Mainland China,1/28/2020 23:00,3554,125,80
Zhejiang,Mainland China,1/28/2020 23:00,296,0,3
Guangdong,Mainland China,1/28/2020 23:00,241,0,5
Hunan,Mainland China,1/28/2020 23:00,221,0,0
Henan,Mainland China,1/28/2020 23:00,206,2,1
Anhui,Mainland China,1/28/2020 23:00,152,0,0
Chongqing,Mainland China,1/28/2020 23:00,147,0,1
Shandong,Mainland China,1/28/2020 23:00,121,0,0
Jiangxi,Mainland China,1/28/2020 23:00,109,0,3
Sichuan,Mainland China,1/28/2020 23:00,108,0,0
Jiangsu,Mainland China,1/28/2020 23:00,99,0,1
Beijing,Mainland China,1/28/2020 23:00,91,1,4
Fujian,Mainland China,1/28/2020 23:00,82,0,0
Shanghai,Mainland China,1/28/2020 23:00,80,1,4
Guangxi,Mainland China,1/28/2020 23:00,58,0,2
Shaanxi,Mainland China,1/28/2020 23:00,56,0,0
Hebei,Mainland China,1/28/2020 23:00,48,1,0
Yunnan,Mainland China,1/28/2020 23:00,44,0,0
Hainan,Mainland China,1/28/2020 23:00,43,1,0
Heilongjiang,Mainland China,1/28/2020 23:00,37,1,0
Liaoning,Mainland China,1/28/2020 23:00,36,0,0
Shanxi,Mainland China,1/28/2020 23:00,27,0,0
Tianjin,Mainland China,1/28/2020 23:00,25,0,0
Gansu,Mainland China,1/28/2020 23:00,24,0,0
Inner Mongolia,Mainland China,1/28/2020 23:00,16,0,0
Xinjiang,Mainland China,1/28/2020 23:00,13,0,0
Ningxia,Mainland China,1/28/2020 23:00,12,0,0
Guizhou,Mainland China,1/28/2020 23:00,9,0,0
Jilin,Mainland China,1/28/2020 23:00,9,0,0
Hong Kong,Hong Kong,1/28/2020 23:00,8,0,0
Taiwan,Taiwan,1/28/2020 23:00,8,0,0
Macau,Macau,1/28/2020 23:00,7,0,0
Qinghai,Mainland China,1/28/2020 23:00,6,0,0
Washington,US,1/28/2020 18:00,1,0,0
Illinois,US,1/28/2020 23:00,1,0,0
California,US,1/28/2020 23:00,2,0,0
Arizona,US,1/28/2020 23:00,1,0,0
,Japan,1/28/2020 23:00,7,0,1
,Thailand,1/28/2020 23:00,14,0,5
,South Korea,1/28/2020 23:00,4,0,0
,Singapore,1/28/2020 23:00,7,0,0
,Vietnam,1/28/2020 23:00,2,0,0
,France,1/28/2020 23:00,4,0,0
,Nepal,1/28/2020 23:00,1,0,0
,Malaysia,1/28/2020 23:00,7,0,0
Ontario,Canada,1/28/2020 23:00,1,0,0
British Columbia,Canada,1/28/2020 23:00,1,0,0
,Cambodia,1/28/2020 23:00,1,0,0
,Sri Lanka,1/28/2020 23:00,1,0,0
New South Wales,Australia,1/28/2020 23:00,4,0,0
Victoria,Australia,1/28/2020 23:00,1,0,0
Bavaria,Germany,1/28/2020 23:00,4,0,0
Hubei,Mainland China,1/29/2020 21:00,4586,162,90
Zhejiang,Mainland China,1/29/2020 21:00,428,0,4
Guangdong,Mainland China,1/29/2020 21:00,311,0,6
Henan,Mainland China,1/29/2020 21:00,278,2,2
Hunan,Mainland China,1/29/2020 21:00,277,0,0
Anhui,Mainland China,1/29/2020 21:00,200,0,2
Chongqing,Mainland China,1/29/2020 21:00,165,0,1
Jiangxi,Mainland China,1/29/2020 21:00,162,0,4
Shandong,Mainland China,1/29/2020 21:00,145,0,1
Sichuan,Mainland China,1/29/2020 21:00,142,1,1
Jiangsu,Mainland China,1/29/2020 21:00,129,0,1
Beijing,Mainland China,1/29/2020 21:00,111,1,4
Shanghai,Mainland China,1/29/2020 21:00,101,1,5
Fujian,Mainland China,1/29/2020 21:00,101,0,0
Guangxi,Mainland China,1/29/2020 21:00,78,0,2
Hebei,Mainland China,1/29/2020 21:00,65,1,0
Shaanxi,Mainland China,1/29/2020 21:00,56,0,0
Yunnan,Mainland China,1/29/2020 21:00,55,0,0
Hainan,Mainland China,1/29/2020 21:00,43,1,0
Heilongjiang,Mainland China,1/29/2020 21:00,43,1,0
Liaoning,Mainland China,1/29/2020 21:00,39,0,1
Shanxi,Mainland China,1/29/2020 21:00,35,0,1
Tianjin,Mainland China,1/29/2020 21:00,27,0,0
Gansu,Mainland China,1/29/2020 21:00,26,0,0
Inner Mongolia,Mainland China,1/29/2020 21:00,16,0,0
Jilin,Mainland China,1/29/2020 21:00,14,0,1
Xinjiang,Mainland China,1/29/2020 21:00,14,0,0
Guizhou,Mainland China,1/29/2020 21:00,12,0,1
Ningxia,Mainland China,1/29/2020 21:00,12,0,0
Hong Kong,Hong Kong,1/29/2020 21:00,10,0,0
Taiwan,Taiwan,1/29/2020 21:00,8,0,0
Macau,Macau,1/29/2020 21:00,7,0,0
Qinghai,Mainland China,1/29/2020 21:00,6,0,0
Tibet,Mainland China,1/29/2020 21:00,1,0,0
Washington,US,1/29/2020 21:00,1,0,0
Illinois,US,1/29/2020 21:00,1,0,0
California,US,1/29/2020 21:00,2,0,0
Arizona,US,1/29/2020 21:00,1,0,0
,Japan,1/29/2020 21:00,11,0,1
,Thailand,1/29/2020 21:00,14,0,5
,South Korea,1/29/2020 21:00,4,0,0
,Singapore,1/29/2020 21:00,10,0,0
,Vietnam,1/29/2020 21:00,2,0,0
,France,1/29/2020 21:00,5,0,0
,Nepal,1/29/2020 21:00,1,0,0
,Malaysia,1/29/2020 21:00,7,0,0
Ontario,Canada,1/29/2020 21:00,2,0,0
British Columbia,Canada,1/29/2020 21:00,1,0,0
,Cambodia,1/29/2020 21:00,1,0,0
,Sri Lanka,1/29/2020 21:00,1,0,0
New South Wales,Australia,1/29/2020 21:00,4,0,0
Victoria,Australia,1/29/2020 21:00,2,0,0
Queensland,Australia,1/29/2020 21:00,1,0,0
Bavaria,Germany,1/29/2020 21:00,4,0,0
,Finland,1/29/2020 21:00,1,0,0
,United Arab Emirates,1/29/2020 21:00,4,0,0
Hubei,Mainland China,1/30/2020 21:30,5806,204,116
Zhejiang,Mainland China,1/30/2020 21:30,537,0,9
Guangdong,Mainland China,1/30/2020 21:30,393,0,11
Henan,Mainland China,1/30/2020 21:30,352,2,3
Hunan,Mainland China,1/30/2020 21:30,332,0,2
Jiangxi,Mainland China,1/30/2020 21:30,240,0,7
Anhui,Mainland China,1/30/2020 21:30,237,0,3
Chongqing,Mainland China,1/30/2020 21:30,206,0,1
Shandong,Mainland China,1/30/2020 21:30,178,0,2
Sichuan,Mainland China,1/30/2020 21:30,177,1,1
Jiangsu,Mainland China,1/30/2020 21:30,168,0,2
Shanghai,Mainland China,1/30/2020 21:30,128,1,9
Beijing,Mainland China,1/30/2020 21:30,121,1,5
Fujian,Mainland China,1/30/2020 21:30,101,0,0
Guangxi,Mainland China,1/30/2020 21:30,87,0,2
Hebei,Mainland China,1/30/2020 21:30,82,1,0
Yunnan,Mainland China,1/30/2020 21:30,76,0,0
Shaanxi,Mainland China,1/30/2020 21:30,87,0,0
Heilongjiang,Mainland China,1/30/2020 21:30,59,2,0
Hainan,Mainland China,1/30/2020 21:30,50,1,1
Liaoning,Mainland China,1/30/2020 21:30,45,0,1
Shanxi,Mainland China,1/30/2020 21:30,39,0,1
Tianjin,Mainland China,1/30/2020 21:30,32,0,0
Gansu,Mainland China,1/30/2020 21:30,29,0,0
Ningxia,Mainland China,1/30/2020 21:30,21,0,1
Inner Mongolia,Mainland China,1/30/2020 21:30,20,0,0
Xinjiang,Mainland China,1/30/2020 21:30,17,0,0
Guizhou,Mainland China,1/30/2020 21:30,15,0,1
Jilin,Mainland China,1/30/2020 21:30,14,0,1
Hong Kong,Hong Kong,1/30/2020 21:30,12,0,0
Taiwan,Taiwan,1/30/2020 21:30,9,0,0
Qinghai,Mainland China,1/30/2020 21:30,8,0,0
Macau,Macau,1/30/2020 21:30,7,0,0
Tibet,Mainland China,1/30/2020 21:30,1,0,0
Washington,US,1/30/2020 21:30,1,0,0
Illinois,US,1/30/2020 21:30,2,0,0
California,US,1/30/2020 21:30,2,0,0
Arizona,US,1/30/2020 21:30,1,0,0
,Japan,1/30/2020 21:30,11,0,1
,Thailand,1/30/2020 21:30,14,0,5
,South Korea,1/30/2020 21:30,6,0,0
,Singapore,1/30/2020 21:30,10,0,0
,Vietnam,1/30/2020 21:30,2,0,0
,France,1/30/2020 21:30,5,0,0
,Nepal,1/30/2020 21:30,1,0,0
,Malaysia,1/30/2020 21:30,8,0,0
Ontario,Canada,1/30/2020 21:30,2,0,0
British Columbia,Canada,1/30/2020 21:30,1,0,0
,Cambodia,1/30/2020 21:30,1,0,0
,Sri Lanka,1/30/2020 21:30,1,0,0
New South Wales,Australia,1/30/2020 21:30,4,0,2
Victoria,Australia,1/30/2020 21:30,2,0,0
Queensland,Australia,1/30/2020 21:30,3,0,0
Bavaria,Germany,1/30/2020 21:30,4,0,0
,Finland,1/30/2020 21:30,1,0,0
,United Arab Emirates,1/30/2020 21:30,4,0,0
,Philippines,1/30/2020 21:30,1,0,0
,India,1/30/2020 21:30,1,0,0
,Italy,1/30/2020 21:30,2,0,0
Hubei,Mainland China,1/31/2020 19:00,7153,249,169
Zhejiang,Mainland China,1/31/2020 19:00,537,0,14
Guangdong,Mainland China,1/31/2020 19:00,436,0,10
Henan,Mainland China,1/31/2020 19:00,352,2,3
Hunan,Mainland China,1/31/2020 19:00,332,0,3
Jiangxi,Mainland China,1/31/2020 19:00,240,0,7
Chongqing,Mainland China,1/31/2020 19:00,238,1,1
Anhui,Mainland China,1/31/2020 19:00,237,0,3
Shandong,Mainland China,1/31/2020 19:00,184,0,2
Sichuan,Mainland China,1/31/2020 19:00,177,1,1
Jiangsu,Mainland China,1/31/2020 19:00,168,0,5
Shanghai,Mainland China,1/31/2020 19:00,153,1,9
Beijing,Mainland China,1/31/2020 19:00,139,1,5
Fujian,Mainland China,1/31/2020 19:00,120,0,0
Hebei,Mainland China,1/31/2020 19:00,96,1,0
Guangxi,Mainland China,1/31/2020 19:00,88,0,2
Shaanxi,Mainland China,1/31/2020 19:00,87,0,0
Yunnan,Mainland China,1/31/2020 19:00,83,0,1
Liaoning,Mainland China,1/31/2020 19:00,60,0,1
Heilongjiang,Mainland China,1/31/2020 19:00,59,2,0
Hainan,Mainland China,1/31/2020 19:00,58,1,1
Shanxi,Mainland China,1/31/2020 19:00,47,0,1
Gansu,Mainland China,1/31/2020 19:00,35,0,0
Tianjin,Mainland China,1/31/2020 19:00,32,0,0
Guizhou,Mainland China,1/31/2020 19:00,29,0,2
Ningxia,Mainland China,1/31/2020 19:00,21,0,1
Inner Mongolia,Mainland China,1/31/2020 19:00,20,0,0
Xinjiang,Mainland China,1/31/2020 19:00,17,0,0
Jilin,Mainland China,1/31/2020 19:00,14,0,1
Hong Kong,Hong Kong,1/31/2020 19:00,13,0,0
Taiwan,Taiwan,1/31/2020 19:00,10,0,0
Qinghai,Mainland China,1/31/2020 19:00,8,0,0
Macau,Macau,1/31/2020 19:00,7,0,0
Tibet,Mainland China,1/31/2020 19:00,1,0,0
Washington,US,1/31/2020 19:00,1,0,0
Illinois,US,1/31/2020 19:00,2,0,0
California,US,1/31/2020 19:00,3,0,0
Arizona,US,1/31/2020 19:00,1,0,0
,Japan,1/31/2020 19:00,17,0,1
,Thailand,1/31/2020 19:00,19,0,7
,South Korea,1/31/2020 19:00,11,0,0
,Singapore,1/31/2020 19:00,16,0,0
,Vietnam,1/31/2020 19:00,2,0,0
,France,1/31/2020 19:00,6,0,0
,Nepal,1/31/2020 19:00,1,0,0
,Malaysia,1/31/2020 19:00,8,0,0
Ontario,Canada,1/31/2020 19:00,2,0,0
British Columbia,Canada,1/31/2020 19:00,1,0,0
,Cambodia,1/31/2020 19:00,1,0,0
,Sri Lanka,1/31/2020 19:00,1,0,0
New South Wales,Australia,1/31/2020 19:00,4,0,2
Victoria,Australia,1/31/2020 19:00,2,0,0
Queensland,Australia,1/31/2020 19:00,3,0,0
Bavaria,Germany,1/31/2020 19:00,7,0,0
,Finland,1/31/2020 19:00,1,0,0
,United Arab Emirates,1/31/2020 19:00,4,0,0
,Philippines,1/31/2020 19:00,1,0,0
,India,1/31/2020 19:00,1,0,0
,Italy,1/31/2020 19:00,2,0,0
,Sweden,1/31/2020 19:00,1,0,0
,Russia,1/31/2020 19:00,2,0,0
,Spain,1/31/2020 19:00,1,0,0
,UK,1/31/2020 19:00,2,0,0
Hubei,Mainland China,1/2/2020 23:33,9074,294,215
Zhejiang,Mainland China,2/2/2020 2:13,661,0,23
Guangdong,Mainland China,2/2/2020 1:23,604,0,14
Henan,Mainland China,2/2/2020 0:53,493,2,4
Hunan,Mainland China,2/2/2020 1:53,463,0,8
Anhui,Mainland China,2/2/2020 1:33,340,0,5
Jiangxi,Mainland China,2/2/2020 1:23,333,0,10
Chongqing,Mainland China,1/2/2020 23:43,262,1,3
Jiangsu,Mainland China,2/2/2020 1:13,236,0,6
Sichuan,Mainland China,2/2/2020 1:03,231,1,3
Shandong,Mainland China,2/2/2020 1:03,225,0,5
Beijing,Mainland China,2/2/2020 3:05,183,1,9
Shanghai,Mainland China,2/2/2020 0:23,177,1,10
Fujian,Mainland China,2/2/2020 3:43,159,0,0
Shaanxi,Mainland China,2/2/2020 3:23,116,0,0
Guangxi,Mainland China,2/2/2020 0:23,111,0,2
Hebei,Mainland China,2/2/2020 2:53,104,1,3
Heilongjiang,Mainland China,2/2/2020 3:23,95,2,2
Yunnan,Mainland China,1/2/2020 15:53,93,0,2
Liaoning,Mainland China,1/2/2020 15:23,64,0,1
Hainan,Mainland China,2/2/2020 1:03,63,1,1
Shanxi,Mainland China,1/2/2020 23:33,56,0,1
Tianjin,Mainland China,2/2/2020 2:03,45,0,0
Gansu,Mainland China,1/2/2020 15:43,40,0,0
Guizhou,Mainland China,2/2/2020 1:03,38,0,2
Ningxia,Mainland China,2/2/2020 1:43,28,0,0
Inner Mongolia,Mainland China,2/2/2020 3:43,27,0,1
Jilin,Mainland China,2/2/2020 2:33,23,0,1
Xinjiang,Mainland China,2/2/2020 0:43,21,0,0
,Japan,1/2/2020 18:53,20,0,1
,Thailand,1/31/2020 10:37,19,0,5
,Singapore,2/2/2020 1:03,18,0,0
,South Korea,2/2/2020 2:23,15,0,0
Hong Kong,Hong Kong,2/2/2020 1:03,14,0,0
Taiwan,Taiwan,1/31/2020 15:20,10,0,0
Qinghai,Mainland China,1/2/2020 5:37,9,0,0
,Germany,1/2/2020 23:33,8,0,0
,Malaysia,1/31/2020 8:15,8,0,0
Macau,Macau,1/31/2020 8:15,7,0,0
,France,1/2/2020 1:52,6,0,0
,Vietnam,1/2/2020 7:38,6,0,1
New South Wales,Australia,1/2/2020 18:12,4,0,2
Victoria,Australia,1/2/2020 18:12,4,0,0
,United Arab Emirates,1/31/2020 8:15,4,0,0
Queensland,Australia,1/2/2020 18:12,2,0,0
Ontario,Canada,1/2/2020 18:12,3,0,0
,Italy,1/31/2020 8:15,2,0,0
,Philippines,2/2/2020 3:33,2,1,0
,Russia,1/31/2020 16:13,2,0,0
,UK,1/2/2020 1:52,2,0,0
"Chicago, IL",US,1/2/2020 19:43,2,0,0
South Australia,Australia,1/2/2020 18:12,2,0,0
,Cambodia,1/31/2020 8:15,1,0,0
British Columbia,Canada,1/2/2020 18:12,1,0,0
,Finland,1/31/2020 8:15,1,0,0
,India,1/31/2020 8:15,1,0,0
Tibet,Mainland China,1/2/2020 1:52,1,0,0
,Nepal,1/31/2020 8:15,1,0,0
,Spain,1/2/2020 23:43,1,0,0
,Sri Lanka,1/31/2020 8:15,1,0,0
,Sweden,1/2/2020 2:13,1,0,0
"Boston, MA",US,1/2/2020 19:43,1,0,0
"Los Angeles, CA",US,1/2/2020 19:53,1,0,0
"Orange, CA",US,1/2/2020 19:53,1,0,0
"Santa Clara, CA",US,1/2/2020 19:53,1,0,0
"Seattle, WA",US,1/2/2020 19:43,1,0,0
"Tempe, AZ",US,1/2/2020 19:43,1,0,0
Hubei,Mainland China,2/2/2020 23:43,11177,350,295
Zhejiang,Mainland China,3/2/2020 1:33,724,0,36
Guangdong,Mainland China,3/2/2020 1:33,683,0,15
Henan,Mainland China,3/2/2020 1:03,566,2,14
Hunan,Mainland China,3/2/2020 1:33,521,0,16
Anhui,Mainland China,3/2/2020 0:53,408,0,7
Jiangxi,Mainland China,3/2/2020 1:33,391,0,18
Chongqing,Mainland China,2/2/2020 23:33,300,2,7
Jiangsu,Mainland China,3/2/2020 1:03,271,0,7
Sichuan,Mainland China,3/2/2020 1:03,254,1,12
Shandong,Mainland China,3/2/2020 1:13,246,0,6
Shanghai,Mainland China,3/2/2020 0:03,193,1,10
Beijing,Mainland China,2/2/2020 8:43,191,1,9
Fujian,Mainland China,2/2/2020 3:43,159,0,0
Guangxi,Mainland China,3/2/2020 0:13,127,0,2
Shaanxi,Mainland China,2/2/2020 3:23,116,0,0
Hebei,Mainland China,3/2/2020 0:23,113,1,3
Yunnan,Mainland China,2/2/2020 18:03,105,0,3
Heilongjiang,Mainland China,2/2/2020 3:23,95,2,2
Hainan,Mainland China,3/2/2020 0:43,71,1,4
Liaoning,Mainland China,2/2/2020 18:03,70,0,1
Shanxi,Mainland China,2/2/2020 23:23,66,0,3
Gansu,Mainland China,2/2/2020 23:43,51,0,3
Tianjin,Mainland China,2/2/2020 9:43,48,0,1
Guizhou,Mainland China,3/2/2020 1:03,46,0,2
Jilin,Mainland China,3/2/2020 0:53,31,0,1
Ningxia,Mainland China,2/2/2020 1:43,28,0,0
Inner Mongolia,Mainland China,2/2/2020 3:43,27,0,1
Xinjiang,Mainland China,3/2/2020 1:13,24,0,0
,Japan,1/2/2020 18:53,20,0,1
,Thailand,1/31/2020 10:37,19,0,5
,Singapore,2/2/2020 1:03,18,0,0
Hong Kong,Hong Kong,2/2/2020 23:53,15,0,0
,South Korea,2/2/2020 2:23,15,0,0
Qinghai,Mainland China,2/2/2020 5:33,11,0,0
,Germany,2/2/2020 18:03,10,0,0
Taiwan,Taiwan,1/31/2020 15:20,10,0,0
Macau,Macau,2/2/2020 4:23,8,0,0
,Malaysia,1/31/2020 8:15,8,0,0
,France,1/2/2020 1:52,6,0,0
,Vietnam,1/2/2020 7:38,6,0,1
,United Arab Emirates,2/2/2020 5:43,5,0,0
New South Wales,Australia,1/2/2020 18:12,4,0,2
Victoria,Australia,1/2/2020 18:12,4,0,0
Ontario,Canada,1/2/2020 18:12,3,0,0
Queensland,Australia,2/2/2020 22:33,2,0,0
South Australia,Australia,2/2/2020 22:33,2,0,0
,India,2/2/2020 6:03,2,0,0
,Italy,1/31/2020 8:15,2,0,0
,Philippines,2/2/2020 3:33,2,1,0
,Russia,1/31/2020 16:13,2,0,0
,UK,1/2/2020 1:52,2,0,0
"Chicago, IL",US,1/2/2020 19:43,2,0,0
"Santa Clara, CA",US,3/2/2020 0:43,2,0,0
,Cambodia,1/31/2020 8:15,1,0,0
British Columbia,Canada,1/2/2020 18:12,1,0,0
,Finland,1/31/2020 8:15,1,0,0
Tibet,Mainland China,1/2/2020 1:52,1,0,0
,Nepal,1/31/2020 8:15,1,0,0
,Spain,1/2/2020 23:43,1,0,0
,Sri Lanka,1/31/2020 8:15,1,0,0
,Sweden,1/2/2020 2:13,1,0,0
"Boston, MA",US,1/2/2020 19:43,1,0,0
"Los Angeles, CA",US,1/2/2020 19:53,1,0,0
"Orange, CA",US,1/2/2020 19:53,1,0,0
"Seattle, WA",US,1/2/2020 19:43,1,0,0
"Tempe, AZ",US,1/2/2020 19:43,1,0,0
Hubei,Mainland China,2/4/2020 1:23,13522,414,396
Zhejiang,Mainland China,2/4/2020 1:43,829,0,48
Guangdong,Mainland China,2/4/2020 1:43,797,0,21
Henan,Mainland China,2/4/2020 1:23,675,2,20
Hunan,Mainland China,2/4/2020 1:43,593,0,22
Anhui,Mainland China,2/4/2020 0:43,480,0,14
Jiangxi,Mainland China,2/4/2020 1:43,476,0,19
Chongqing,Mainland China,2/3/2020 23:43,337,2,9
Jiangsu,Mainland China,2/4/2020 1:03,308,0,8
Sichuan,Mainland China,2/4/2020 1:43,282,1,14
Shandong,Mainland China,2/4/2020 0:53,270,0,7
Beijing,Mainland China,2/3/2020 9:23,212,1,12
Shanghai,Mainland China,2/4/2020 0:13,208,1,10
Fujian,Mainland China,2/3/2020 11:33,179,0,1
Heilongjiang,Mainland China,2/4/2020 0:53,155,2,2
Shaanxi,Mainland China,2/4/2020 2:33,142,0,1
Guangxi,Mainland China,2/4/2020 0:33,139,0,7
Hebei,Mainland China,2/4/2020 0:23,126,1,3
Yunnan,Mainland China,2/3/2020 23:23,117,0,5
Hainan,Mainland China,2/4/2020 0:43,79,1,4
Liaoning,Mainland China,2/3/2020 17:11,74,0,1
Shanxi,Mainland China,2/3/2020 23:13,74,0,2
Tianjin,Mainland China,2/3/2020 13:53,60,0,1
Guizhou,Mainland China,2/4/2020 1:03,56,0,2
Gansu,Mainland China,2/3/2020 23:03,55,0,3
Jilin,Mainland China,2/4/2020 0:23,42,0,1
Inner Mongolia,Mainland China,2/3/2020 3:03,34,0,1
Ningxia,Mainland China,2/4/2020 2:13,34,0,1
Xinjiang,Mainland China,2/4/2020 1:33,29,0,0
,Japan,2/1/2020 18:53,20,0,1
,Thailand,1/31/2020 10:37,19,0,5
,Singapore,2/2/2020 1:03,18,0,0
Hong Kong,Hong Kong,2/2/2020 23:53,15,0,0
Qinghai,Mainland China,2/4/2020 1:33,15,0,0
,South Korea,2/2/2020 2:23,15,0,0
,Germany,2/3/2020 20:53,12,0,0
Taiwan,Taiwan,1/31/2020 15:20,10,0,0
Macau,Macau,2/2/2020 4:23,8,0,0
,Malaysia,1/31/2020 8:15,8,0,0
,Vietnam,2/3/2020 21:43,8,0,1
,France,2/1/2020 1:52,6,0,0
,United Arab Emirates,2/2/2020 5:43,5,0,0
New South Wales,Australia,2/1/2020 18:12,4,0,2
Victoria,Australia,2/1/2020 18:12,4,0,0
,India,2/3/2020 21:43,3,0,0
Queensland,Australia,2/2/2020 22:33,2,0,0
South Australia,Australia,2/2/2020 22:33,2,0,0
"Toronto, ON",Canada,2/4/2020 0:13,2,0,0
,Italy,1/31/2020 8:15,2,0,0
,Philippines,2/2/2020 3:33,2,1,0
,Russia,1/31/2020 16:13,2,0,0
,UK,2/1/2020 1:52,2,0,0
"Chicago, IL",US,2/1/2020 19:43,2,0,0
"San Benito, CA",US,2/3/2020 3:53,2,0,0
"Santa Clara, CA",US,2/3/2020 0:43,2,0,0
,Cambodia,1/31/2020 8:15,1,0,0
British Columbia,Canada,2/1/2020 18:12,1,0,0
"London, ON",Canada,2/4/2020 0:03,1,0,0
,Finland,1/31/2020 8:15,1,0,0
Tibet,Mainland China,2/1/2020 1:52,1,0,0
,Nepal,1/31/2020 8:15,1,0,0
,Spain,2/1/2020 23:43,1,0,0
,Sri Lanka,1/31/2020 8:15,1,0,0
,Sweden,2/1/2020 2:13,1,0,0
"Boston, MA",US,2/1/2020 19:43,1,0,0
"Los Angeles, CA",US,2/1/2020 19:53,1,0,0
"Orange, CA",US,2/1/2020 19:53,1,0,0
"Seattle, WA",US,2/1/2020 19:43,1,0,0
"Tempe, AZ",US,2/1/2020 19:43,1,0,0
