Date,Confirmed,Deaths,Recovered,max,min,cloud,rain,Province/State
time,continuous,discrete,discrete,continuous,continuous,,,string
,,,,,,,,meta
1/21/2020 22:00,1,0,0,3,-3,0,0,['Washington']
1/22/2020 22:00,1,0,0,7,0,0,0,['Washington']
1/23/2020 22:00,2,0,0,10,2,0,0,['Washington'] ; ['Chicago']
1/24/2020 22:00,2,0,0,10,3,0,0,['Washington'] ; ['Illinois']
1/25/2020 22:00,5,0,0,7,3,1,0,['Washington'] ; ['Illinois'] ; ['California'] ; ['Arizona']
1/27/2020 22:00,5,0,0,6,2,1,0,['California'] ; ['Arizona'] ; ['Washington'] ; ['Illinois']
1/28/2020 22:00,10,0,0,4,0,1,0,['Washington'] ; ['Illinois'] ; ['California'] ; ['Arizona'] ; ['Washington'] ; ['Illinois'] ; ['California'] ; ['Arizona']
1/29/2020 22:00,5,0,0,2,-3,1,0,['Washington'] ; ['Illinois'] ; ['California'] ; ['Arizona']
1/31/2020 22:00,147,0,0,6,2,1,0,"['Arizona'] ; ['Washington'] ; ['Illinois'] ; ['California'] ; ['Chicago, IL'] ; ['Boston, MA'] ; ['Seattle, WA'] ; ['Tempe, AZ'] ; ['Tempe, AZ'] ; ['Boston, MA'] ; ['Tempe, AZ'] ; ['Boston, MA'] ; ['Tempe, AZ'] ; ['Boston, MA'] ; ['Tempe, AZ'] ; ['Boston, MA'] ; ['Tempe, AZ'] ; ['Boston, MA'] ; ['Tempe, AZ'] ; ['Tempe, AZ'] ; ['Seattle, WA'] ; ['Boston, MA'] ; ['Chicago, IL'] ; ['Tempe, AZ'] ; ['Seattle, WA'] ; ['Boston, MA'] ; ['Boston, MA'] ; ['Boston, MA'] ; ['Boston, MA'] ; ['Boston, MA'] ; ['Boston, MA'] ; ['Boston, MA'] ; ['Boston, MA'] ; ['Tempe, AZ'] ; ['Chicago, IL'] ; ['Tempe, AZ'] ; ['Boston, MA'] ; ['Tempe, AZ'] ; ['Boston, MA'] ; ['Tempe, AZ'] ; ['Boston, MA'] ; ['Tempe, AZ'] ; ['Boston, MA'] ; ['Tempe, AZ'] ; ['Boston, MA'] ; ['Boston, MA'] ; ['Tempe, AZ'] ; ['Boston, MA'] ; ['Tempe, AZ'] ; ['Tempe, AZ'] ; ['Tempe, AZ'] ; ['Tempe, AZ'] ; ['Chicago, IL'] ; ['Seattle, WA'] ; ['Seattle, WA'] ; ['Boston, MA'] ; ['Tempe, AZ'] ; ['Boston, MA'] ; ['Seattle, WA'] ; ['Chicago, IL'] ; ['Tempe, AZ'] ; ['Boston, MA'] ; ['Chicago, IL'] ; ['Tempe, AZ'] ; ['Chicago, IL'] ; ['Chicago, IL'] ; ['Seattle, WA'] ; ['Boston, MA'] ; ['Boston, MA'] ; ['Seattle, WA'] ; ['Tempe, AZ'] ; ['Santa Clara, CA'] ; ['Los Angeles, CA'] ; ['Orange, CA'] ; ['Orange, CA'] ; ['Los Angeles, CA'] ; ['Los Angeles, CA'] ; ['Orange, CA'] ; ['Los Angeles, CA'] ; ['Los Angeles, CA'] ; ['Orange, CA'] ; ['Los Angeles, CA'] ; ['Orange, CA'] ; ['Orange, CA'] ; ['Orange, CA'] ; ['Los Angeles, CA'] ; ['Orange, CA'] ; ['Los Angeles, CA'] ; ['Los Angeles, CA'] ; ['Los Angeles, CA'] ; ['Orange, CA'] ; ['Orange, CA'] ; ['Los Angeles, CA'] ; ['Orange, CA'] ; ['Los Angeles, CA'] ; ['Orange, CA'] ; ['Orange, CA'] ; ['Los Angeles, CA'] ; ['Los Angeles, CA'] ; ['Orange, CA'] ; ['Orange, CA'] ; ['Los Angeles, CA'] ; ['Orange, CA'] ; ['Santa Clara, CA'] ; ['Orange, CA'] ; ['Orange, CA'] ; ['Los Angeles, CA'] ; ['Los Angeles, CA'] ; ['Los Angeles, CA'] ; ['Los Angeles, CA'] ; ['Los Angeles, CA'] ; ['Orange, CA'] ; ['Los Angeles, CA'] ; ['Los Angeles, CA'] ; ['Orange, CA'] ; ['Orange, CA'] ; ['Orange, CA'] ; ['Orange, CA'] ; ['Los Angeles, CA'] ; ['Orange, CA'] ; ['Los Angeles, CA'] ; ['Orange, CA'] ; ['Los Angeles, CA'] ; ['Orange, CA'] ; ['Los Angeles, CA'] ; ['Orange, CA'] ; ['Los Angeles, CA'] ; ['Orange, CA'] ; ['Orange, CA'] ; ['Los Angeles, CA'] ; ['Los Angeles, CA'] ; ['Los Angeles, CA'] ; ['Los Angeles, CA'] ; ['Orange, CA'] ; ['Los Angeles, CA'] ; ['Orange, CA'] ; ['Orange, CA']"
2/2/2020 22:00,108,0,0,13,2,1,0,"['Santa Clara, CA'] ; ['Santa Clara, CA'] ; ['Santa Clara, CA'] ; ['Santa Clara, CA'] ; ['Santa Clara, CA'] ; ['Santa Clara, CA'] ; ['Santa Clara, CA'] ; ['Santa Clara, CA'] ; ['Santa Clara, CA'] ; ['Santa Clara, CA'] ; ['Santa Clara, CA'] ; ['Santa Clara, CA'] ; ['Santa Clara, CA'] ; ['Santa Clara, CA'] ; ['Santa Clara, CA'] ; ['Santa Clara, CA'] ; ['Santa Clara, CA'] ; ['Santa Clara, CA'] ; ['San Benito, CA'] ; ['San Benito, CA'] ; ['San Benito, CA'] ; ['San Benito, CA'] ; ['San Benito, CA'] ; ['San Benito, CA'] ; ['San Benito, CA'] ; ['San Benito, CA'] ; ['San Benito, CA'] ; ['San Benito, CA'] ; ['San Benito, CA'] ; ['San Benito, CA'] ; ['San Benito, CA'] ; ['San Benito, CA'] ; ['San Benito, CA'] ; ['San Benito, CA'] ; ['San Benito, CA'] ; ['San Benito, CA'] ; ['San Benito, CA'] ; ['San Benito, CA'] ; ['San Benito, CA'] ; ['San Benito, CA'] ; ['San Benito, CA'] ; ['San Benito, CA'] ; ['San Benito, CA'] ; ['San Benito, CA'] ; ['San Benito, CA'] ; ['San Benito, CA'] ; ['San Benito, CA'] ; ['San Benito, CA'] ; ['San Benito, CA'] ; ['San Benito, CA'] ; ['San Benito, CA'] ; ['San Benito, CA'] ; ['San Benito, CA'] ; ['San Benito, CA']"
2/4/2020 22:00,27,0,0,12,4,1,0,"['Madison, WI'] ; ['Madison, WI'] ; ['Madison, WI'] ; ['Madison, WI'] ; ['Madison, WI'] ; ['Madison, WI'] ; ['Madison, WI'] ; ['Madison, WI'] ; ['Madison, WI'] ; ['Madison, WI'] ; ['Madison, WI'] ; ['Madison, WI'] ; ['Madison, WI'] ; ['Madison, WI'] ; ['Madison, WI'] ; ['Madison, WI'] ; ['Madison, WI'] ; ['Madison, WI'] ; ['Madison, WI'] ; ['Madison, WI'] ; ['Madison, WI'] ; ['Madison, WI'] ; ['Madison, WI'] ; ['Madison, WI'] ; ['Madison, WI'] ; ['Madison, WI'] ; ['Madison, WI']"
2/8/2020 22:00,62,0,2,5,0,1,0,"['Seattle, WA'] ; ['Seattle, WA'] ; ['Seattle, WA'] ; ['Seattle, WA'] ; ['Seattle, WA'] ; ['Seattle, WA'] ; ['Seattle, WA'] ; ['Seattle, WA'] ; ['Seattle, WA'] ; ['Seattle, WA'] ; ['Seattle, WA'] ; ['Seattle, WA'] ; ['Seattle, WA'] ; ['Seattle, WA'] ; ['Seattle, WA'] ; ['Seattle, WA'] ; ['Seattle, WA'] ; ['Seattle, WA'] ; ['Seattle, WA'] ; ['Seattle, WA'] ; ['Chicago, IL'] ; ['Chicago, IL'] ; ['Chicago, IL'] ; ['Chicago, IL'] ; ['Chicago, IL'] ; ['Chicago, IL'] ; ['Chicago, IL'] ; ['Chicago, IL'] ; ['Chicago, IL'] ; ['Chicago, IL'] ; ['Chicago, IL'] ; ['Chicago, IL'] ; ['Chicago, IL'] ; ['Chicago, IL'] ; ['Chicago, IL'] ; ['Chicago, IL'] ; ['Chicago, IL'] ; ['Chicago, IL'] ; ['Chicago, IL'] ; ['Chicago, IL'] ; ['Chicago, IL']"
2/10/2020 22:00,2,0,0,8,6,1,0,"['San Diego County, CA'] ; ['San Diego County, CA']"
2/12/2020 22:00,42,0,0,6,0,1,0,"['San Diego County, CA'] ; ['San Diego County, CA'] ; ['San Diego County, CA'] ; ['San Diego County, CA'] ; ['San Diego County, CA'] ; ['San Diego County, CA'] ; ['San Diego County, CA'] ; ['San Diego County, CA'] ; ['San Antonio, TX'] ; ['San Antonio, TX'] ; ['San Antonio, TX'] ; ['San Antonio, TX'] ; ['San Antonio, TX'] ; ['San Antonio, TX'] ; ['San Antonio, TX'] ; ['San Antonio, TX'] ; ['San Antonio, TX'] ; ['San Antonio, TX'] ; ['San Antonio, TX'] ; ['San Antonio, TX'] ; ['San Antonio, TX'] ; ['San Antonio, TX'] ; ['San Antonio, TX'] ; ['San Antonio, TX'] ; ['San Antonio, TX'] ; ['San Antonio, TX'] ; ['San Antonio, TX'] ; ['San Antonio, TX'] ; ['San Antonio, TX'] ; ['San Antonio, TX'] ; ['San Antonio, TX'] ; ['San Antonio, TX'] ; ['San Antonio, TX'] ; ['San Antonio, TX']"
2/20/2020 22:00,60,0,1,10,-1,0,0,"['Humboldt County, CA'] ; ['Humboldt County, CA'] ; ['Humboldt County, CA'] ; ['Humboldt County, CA'] ; ['Humboldt County, CA'] ; ['Humboldt County, CA'] ; ['Humboldt County, CA'] ; ['Humboldt County, CA'] ; ['Humboldt County, CA'] ; ['Humboldt County, CA'] ; ['Humboldt County, CA'] ; ['Humboldt County, CA'] ; ['Humboldt County, CA'] ; ['Humboldt County, CA'] ; ['Humboldt County, CA'] ; ['Humboldt County, CA'] ; ['Humboldt County, CA'] ; ['Humboldt County, CA'] ; ['Santa Clara, CA'] ; ['Santa Clara, CA'] ; ['Santa Clara, CA'] ; ['Santa Clara, CA'] ; ['Santa Clara, CA'] ; ['Santa Clara, CA'] ; ['Santa Clara, CA'] ; ['Santa Clara, CA'] ; ['San Diego County, CA'] ; ['San Diego County, CA'] ; ['San Diego County, CA'] ; ['San Diego County, CA'] ; ['San Diego County, CA'] ; ['San Diego County, CA'] ; ['San Diego County, CA'] ; ['San Diego County, CA'] ; ['San Diego County, CA'] ; ['San Diego County, CA'] ; ['San Diego County, CA'] ; ['San Diego County, CA'] ; ['San Diego County, CA']"
2/21/2020 22:00,38,0,0,13,3,0,0,"['Sacramento County, CA'] ; ['Sacramento County, CA'] ; ['Sacramento County, CA'] ; ['Sacramento County, CA'] ; ['Sacramento County, CA'] ; ['Sacramento County, CA'] ; ['Ashland, NE'] ; ['Travis, CA'] ; ['Lackland, TX'] ; ['Lackland, TX (From Diamond Princess)'] ; ['Travis, CA (From Diamond Princess)'] ; ['Lackland, TX (From Diamond Princess)'] ; ['Travis, CA (From Diamond Princess)']"
2/22/2020 22:00,22,0,0,16,5,0,0,"['Omaha, NE (From Diamond Princess)'] ; ['Omaha, NE (From Diamond Princess)']"
2/24/2020 22:00,83,0,0,8,7,1,0,"['Omaha, NE (From Diamond Princess)'] ; ['Travis, CA (From Diamond Princess)'] ; ['Lackland, TX (From Diamond Princess)'] ; ['Omaha, NE (From Diamond Princess)'] ; ['Omaha, NE (From Diamond Princess)'] ; ['Lackland, TX (From Diamond Princess)'] ; ['Lackland, TX (From Diamond Princess)'] ; ['Omaha, NE (From Diamond Princess)'] ; ['Travis, CA (From Diamond Princess)'] ; ['Travis, CA (From Diamond Princess)'] ; ['Lackland, TX (From Diamond Princess)'] ; ['Travis, CA (From Diamond Princess)'] ; ['Omaha, NE (From Diamond Princess)'] ; ['Lackland, TX (From Diamond Princess)'] ; ['Travis, CA (From Diamond Princess)'] ; ['Omaha, NE (From Diamond Princess)'] ; ['Travis, CA (From Diamond Princess)'] ; ['Lackland, TX (From Diamond Princess)'] ; ['Omaha, NE (From Diamond Princess)'] ; ['Lackland, TX (From Diamond Princess)'] ; ['Travis, CA (From Diamond Princess)'] ; ['Lackland, TX (From Diamond Princess)'] ; ['Travis, CA (From Diamond Princess)'] ; ['Omaha, NE (From Diamond Princess)'] ; ['Travis, CA (From Diamond Princess)'] ; ['Lackland, TX (From Diamond Princess)'] ; ['Travis, CA (From Diamond Princess)'] ; ['Travis, CA (From Diamond Princess)'] ; ['Travis, CA (From Diamond Princess)'] ; ['Omaha, NE (From Diamond Princess)'] ; ['Omaha, NE (From Diamond Princess)'] ; ['Omaha, NE (From Diamond Princess)'] ; ['Lackland, TX (From Diamond Princess)'] ; ['Omaha, NE (From Diamond Princess)'] ; ['Omaha, NE (From Diamond Princess)'] ; ['Travis, CA (From Diamond Princess)'] ; ['Lackland, TX (From Diamond Princess)'] ; ['Lackland, TX (From Diamond Princess)'] ; ['Lackland, TX (From Diamond Princess)'] ; ['Travis, CA (From Diamond Princess)'] ; ['Unassigned Location (From Diamond Princess)'] ; ['Omaha, NE (From Diamond Princess)'] ; ['Travis, CA (From Diamond Princess)'] ; ['Omaha, NE (From Diamond Princess)'] ; ['Lackland, TX (From Diamond Princess)'] ; ['Lackland, TX (From Diamond Princess)'] ; ['Tempe, AZ'] ; ['Tempe, AZ'] ; ['Unassigned Location (From Diamond Princess)'] ; ['Tempe, AZ'] ; ['Tempe, AZ'] ; ['Tempe, AZ'] ; ['Tempe, AZ'] ; ['Tempe, AZ'] ; ['Tempe, AZ'] ; ['Tempe, AZ'] ; ['Tempe, AZ'] ; ['Tempe, AZ']"
2/25/2020 22:00,84,0,0,6,0,1,0,['Unassigned Location (From Diamond Princess)'] ; ['Unassigned Location (From Diamond Princess)']
2/26/2020 22:00,24,0,0,5,-1,1,0,"['Sacramento County, CA'] ; ['Sacramento County, CA'] ; ['Sacramento County, CA'] ; ['Sacramento County, CA'] ; ['Sacramento County, CA'] ; ['Sacramento County, CA'] ; ['Sacramento County, CA'] ; ['Sacramento County, CA'] ; ['Sacramento County, CA'] ; ['Sacramento County, CA'] ; ['Sacramento County, CA'] ; ['Sacramento County, CA']"
2/27/2020 22:00,139,0,1,1,-3,1,0,"['Unassigned Location (From Diamond Princess)'] ; ['Unassigned Location (From Diamond Princess)'] ; ['Unassigned Location (From Diamond Princess)'] ; ['Boston, MA'] ; ['Boston, MA'] ; ['Boston, MA'] ; ['Boston, MA'] ; ['Boston, MA'] ; ['Boston, MA'] ; ['Boston, MA']"
2/28/2020 22:00,9,0,0,6,-3,0,0,"['Santa Clara, CA'] ; ['Santa Clara, CA'] ; ['Portland, OR'] ; ['Portland, OR'] ; ['Snohomish County, WA']"
2/29/2020 22:00,21,0,0,13,3,0,0,"['Seattle, WA'] ; ['Chicago, IL'] ; ['Providence, RI'] ; ['Snohomish County, WA'] ; ['Seattle, WA']"
3/1/2020 22:00,440,0,0,15,9,0,0,"['New York City, NY'] ; ['New York City, NY'] ; ['New York City, NY'] ; ['Hillsborough, FL'] ; ['Sarasota, FL'] ; ['Sarasota, FL'] ; ['Sarasota, FL'] ; ['Sarasota, FL'] ; ['Sarasota, FL'] ; ['Sarasota, FL'] ; ['Sarasota, FL'] ; ['Sarasota, FL'] ; ['Portland, OR'] ; ['Providence, RI'] ; ['Providence, RI'] ; ['Providence, RI'] ; ['Providence, RI'] ; ['Providence, RI'] ; ['Unassigned Location (From Diamond Princess)'] ; ['Unassigned Location (From Diamond Princess)'] ; ['Unassigned Location (From Diamond Princess)'] ; ['Unassigned Location (From Diamond Princess)'] ; ['Unassigned Location (From Diamond Princess)'] ; ['Unassigned Location (From Diamond Princess)'] ; ['Unassigned Location (From Diamond Princess)'] ; ['Unassigned Location (From Diamond Princess)'] ; ['Umatilla, OR'] ; ['Umatilla, OR'] ; ['Umatilla, OR'] ; ['Umatilla, OR'] ; ['King County, WA'] ; ['Umatilla, OR'] ; ['Umatilla, OR'] ; ['Umatilla, OR'] ; ['Umatilla, OR'] ; ['Santa Clara, CA'] ; ['Cook County, IL'] ; ['Cook County, IL'] ; ['Grafton County, NH'] ; ['Cook County, IL'] ; ['San Mateo, CA'] ; ['Sonoma County, CA'] ; ['Snohomish County, WA'] ; ['Sonoma County, CA'] ; ['Sonoma County, CA'] ; ['Sonoma County, CA'] ; ['Sonoma County, CA'] ; ['Sonoma County, CA'] ; ['Sonoma County, CA']"
3/2/2020 22:00,94,0,0,12,7,0,0,"['Placer County, CA'] ; ['Placer County, CA'] ; ['San Mateo, CA'] ; ['San Mateo, CA'] ; ['San Mateo, CA'] ; ['San Mateo, CA'] ; ['San Mateo, CA'] ; ['San Mateo, CA'] ; ['San Mateo, CA'] ; ['Washington County, OR'] ; ['Washington County, OR'] ; ['Washington County, OR'] ; ['Washington County, OR'] ; ['Fulton County, GA'] ; ['Fulton County, GA'] ; ['Fulton County, GA'] ; ['Fulton County, GA'] ; ['Norfolk County, MA'] ; ['Norfolk County, MA'] ; ['Norfolk County, MA'] ; ['Westchester County, NY'] ; ['Madison, WI'] ; ['Madison, WI'] ; ['Madison, WI'] ; ['Madison, WI'] ; ['Madison, WI'] ; ['Madison, WI'] ; ['Madison, WI'] ; ['Maricopa County, AZ'] ; ['Maricopa County, AZ'] ; ['Maricopa County, AZ'] ; ['Hillsborough, FL'] ; ['Hillsborough, FL'] ; ['Hillsborough, FL'] ; ['Hillsborough, FL'] ; ['Hillsborough, FL'] ; ['Hillsborough, FL'] ; ['Hillsborough, FL'] ; ['King County, WA'] ; ['Snohomish County, WA'] ; ['Wake County, NC'] ; ['Wake County, NC'] ; ['Wake County, NC'] ; ['Wake County, NC'] ; ['Wake County, NC'] ; ['Wake County, NC'] ; ['Wake County, NC']"
3/3/2020 22:00,113,0,0,10,3,0,0,"['Grafton County, NH'] ; ['Santa Clara, CA'] ; ['Grafton County, NH'] ; ['Grafton County, NH'] ; ['Santa Clara, CA'] ; ['Grafton County, NH'] ; ['Grafton County, NH'] ; ['Berkeley, CA'] ; ['Berkeley, CA'] ; ['Berkeley, CA'] ; ['Berkeley, CA'] ; ['Orange County, CA'] ; ['Orange County, CA'] ; ['Orange County, CA'] ; ['Orange County, CA'] ; ['Orange County, CA'] ; ['Contra Costa County, CA'] ; ['Contra Costa County, CA'] ; ['Los Angeles, CA'] ; ['Placer County, CA'] ; ['Placer County, CA'] ; ['King County, WA'] ; ['Snohomish County, WA'] ; ['Westchester County, NY']"
3/4/2020 22:00,99,0,0,7,2,0,0,"['Fort Bend County, TX'] ; ['Fort Bend County, TX'] ; ['Cook County, IL'] ; ['Cook County, IL'] ; ['Santa Rosa County, FL'] ; ['Santa Rosa County, FL'] ; ['Santa Rosa County, FL'] ; ['Grant County, WA'] ; ['Grant County, WA'] ; ['Grant County, WA'] ; ['Snohomish County, WA'] ; ['Grant County, WA'] ; ['San Francisco County, CA'] ; ['San Diego County, CA'] ; ['San Diego County, CA'] ; ['San Diego County, CA'] ; ['San Diego County, CA'] ; ['San Diego County, CA'] ; ['San Francisco County, CA'] ; ['Clark County, NV'] ; ['Clark County, NV'] ; ['Clark County, NV'] ; ['Bergen County, NJ'] ; ['Bergen County, NJ'] ; ['New York City, NY'] ; ['Los Angeles, CA'] ; ['Westchester County, NY'] ; ['Queens County, NY'] ; ['Harris County, TX']"
3/5/2020 22:00,212,0,0,8,2,0,0,"['King County, WA'] ; ['Santa Clara, CA'] ; ['Santa Clara, CA'] ; ['Williamson County, TN'] ; ['Williamson County, TN'] ; ['Williamson County, TN'] ; ['Williamson County, TN'] ; ['Williamson County, TN'] ; ['Unassigned Location, WA'] ; ['Unassigned Location, WA'] ; ['Unassigned Location, WA'] ; ['Unassigned Location, WA'] ; ['Middlesex County, MA'] ; ['Summit County, CO'] ; ['Summit County, CO'] ; ['Summit County, CO'] ; ['Summit County, CO'] ; ['Norwell County, MA'] ; ['Montgomery County, MD'] ; ['Montgomery County, MD'] ; ['Nassau County, NY'] ; ['Delaware County, PA'] ; ['Delaware County, PA'] ; ['Delaware County, PA'] ; ['Delaware County, PA'] ; ['Harris County, TX'] ; ['Westchester County, NY'] ; ['Chatham County, NC'] ; ['Wayne County, PA'] ; ['Chatham County, NC'] ; ['Wayne County, PA'] ; ['Chatham County, NC'] ; ['Chatham County, NC'] ; ['Wayne County, PA'] ; ['Wayne County, PA'] ; ['Marion County, IN'] ; ['Marion County, IN'] ; ['Marion County, IN'] ; ['Marion County, IN'] ; ['Floyd County, GA'] ; ['Suffolk County, MA'] ; ['Maricopa County, AZ'] ; ['Norfolk County, MA'] ; ['Norfolk County, MA'] ; ['Suffolk County, MA'] ; ['New York County, NY'] ; ['Contra Costa County, CA'] ; ['Washoe County, NV'] ; ['Washoe County, NV'] ; ['Contra Costa County, CA'] ; ['Yolo County, CA'] ; ['Yolo County, CA'] ; ['Yolo County, CA'] ; ['Yolo County, CA']"
3/6/2020 22:00,484,0,0,15,1,1,0,"['Los Angeles, CA'] ; ['Placer County, CA'] ; ['King County, WA'] ; ['Placer County, CA'] ; ['Snohomish County, WA'] ; ['Placer County, CA'] ; ['Ramsey County, MN'] ; ['Fayette County, KY'] ; ['Fayette County, KY'] ; ['Fayette County, KY'] ; ['Ramsey County, MN'] ; ['Ramsey County, MN'] ; ['Ramsey County, MN'] ; ['Fayette County, KY'] ; ['Douglas County, NE'] ; ['Douglas County, NE'] ; ['Douglas County, NE'] ; ['Denver County, CO'] ; ['Denver County, CO'] ; ['Denver County, CO'] ; ['Denver County, CO'] ; ['Nassau County, NY'] ; ['El Paso County, CO'] ; ['El Paso County, CO'] ; ['El Paso County, CO'] ; ['Grand Princess Cruise Ship'] ; ['Grand Princess Cruise Ship'] ; ['Grand Princess Cruise Ship'] ; ['Charleston County, SC'] ; ['Douglas County, CO'] ; ['Charleston County, SC'] ; ['Charleston County, SC'] ; ['Douglas County, CO'] ; ['Douglas County, CO'] ; ['Cook County, IL'] ; ['Honolulu County, HI'] ; ['Kershaw County, SC'] ; ['Honolulu County, HI'] ; ['Kershaw County, SC'] ; ['Fort Bend County, TX'] ; ['Providence County, RI'] ; ['Providence County, RI'] ; ['Providence County, RI'] ; ['Bergen County, NJ'] ; ['Pierce County, WA'] ; ['Plymouth County, MA'] ; ['Plymouth County, MA'] ; ['Middlesex County, MA'] ; ['Plymouth County, MA'] ; ['Davis County, UT'] ; ['Tulsa County, OK'] ; ['Broward County, FL'] ; ['Davis County, UT'] ; ['Broward County, FL'] ; ['Davis County, UT'] ; ['Tulsa County, OK'] ; ['Tulsa County, OK'] ; ['Harris County, TX'] ; ['Harris County, TX'] ; ['Alameda County, CA'] ; ['Alameda County, CA'] ; ['Alameda County, CA'] ; ['Lee County, FL'] ; ['Rockland County, NY'] ; ['Jefferson County, WA'] ; ['Jefferson County, WA'] ; ['Rockland County, NY'] ; ['Jefferson County, WA'] ; ['Cobb County, GA'] ; ['Fulton County, GA'] ; ['Cobb County, GA'] ; ['Fulton County, GA'] ; ['Floyd County, GA'] ; ['Pinal County, AZ'] ; ['Pinal County, AZ'] ; ['Pinal County, AZ'] ; ['Saratoga County, NY'] ; ['Saratoga County, NY'] ; ['Westchester County, NY'] ; ['New York County, NY'] ; ['Saratoga County, NY'] ; ['Maricopa County, AZ'] ; ['Montgomery County, TX'] ; ['Maricopa County, AZ'] ; ['Montgomery County, TX'] ; ['Maricopa County, AZ'] ; ['Montgomery County, TX'] ; ['Jackson County, OR'] ; ['Clark County, WA'] ; ['Clark County, WA'] ; ['Clark County, WA'] ; ['Fairfield County, CT'] ; ['Klamath County, OR'] ; ['Washington County, OR'] ; ['Klamath County, OR'] ; ['Madera County, CA'] ; ['Klamath County, OR'] ; ['Madera County, CA'] ; ['Madera County, CA'] ; ['Snohomish County, WA'] ; ['King County, WA']"
3/7/2020 22:00,721,0,0,21,7,1,0,"['Santa Clara County, CA'] ; ['Santa Cruz County, CA'] ; ['San Francisco County, CA'] ; ['Los Angeles, CA'] ; ['Jackson County, OR'] ; ['Jackson County, OR'] ; ['Johnson County, KS'] ; ['Johnson County, KS'] ; ['Kittitas County, WA'] ; ['Berkshire County, MA'] ; ['Berkshire County, MA'] ; ['Kittitas County, WA'] ; ['Los Angeles, CA'] ; ['Los Angeles, CA'] ; ['San Francisco County, CA'] ; ['San Francisco County, CA'] ; ['Okaloosa County, FL'] ; ['Volusia County, FL'] ; ['Okaloosa County, FL'] ; ['Volusia County, FL'] ; ['Polk County, GA'] ; ['Polk County, GA'] ; ['New York County, NY'] ; ['Fresno County, CA'] ; ['Fresno County, CA'] ; ['Unassigned Location, VT'] ; ['Manatee County, FL'] ; ['Riverside County, CA'] ; ['Riverside County, CA'] ; ['St. Louis County, MO'] ; ['St. Louis County, MO'] ; ['Washington, D.C.'] ; ['Washington, D.C.'] ; ['Santa Rosa County, FL'] ; ['Santa Rosa County, FL'] ; ['Lee County, FL'] ; ['Lee County, FL'] ; ['Nassau County, NY'] ; ['Suffolk County, NY'] ; ['Suffolk County, NY'] ; ['Shelby County, TN'] ; ['Shelby County, TN'] ; ['Ulster County, NY'] ; ['Ulster County, NY'] ; ['Fort Bend County, TX'] ; ['Fort Bend County, TX'] ; ['Grafton County, NH'] ; ['Grafton County, NH'] ; ['Rockingham County, NH'] ; ['Davidson County, TN'] ; ['Davidson County, TN'] ; ['Westchester County, NY'] ; ['Hendricks County, IN'] ; ['Washington County, OR'] ; ['Hudson County, NJ'] ; ['Hudson County, NJ'] ; ['Marion County, OR'] ; ['Marion County, OR'] ; ['Washington County, OR'] ; ['Douglas County, OR'] ; ['Douglas County, OR'] ; ['King County, WA'] ; ['Cook County, IL'] ; ['King County, WA'] ; ['Cook County, IL'] ; ['Middlesex County, MA'] ; ['Middlesex County, MA'] ; ['Norfolk County, MA'] ; ['Suffolk County, MA'] ; ['Suffolk County, MA'] ; ['Norfolk County, MA'] ; ['Unknown Location, MA'] ; ['Santa Clara County, CA'] ; ['Unknown Location, MA'] ; ['Fairfield County, CT'] ; ['Bergen County, NJ'] ; ['Fairfield County, CT'] ; ['Bergen County, NJ'] ; ['Santa Clara County, CA'] ; ['Fairfax County, VA'] ; ['Fairfax County, VA'] ; ['Washoe County, NV'] ; ['Pierce County, WA'] ; ['Snohomish County, WA'] ; ['Clark County, NV'] ; ['Pierce County, WA'] ; ['Montgomery County, PA'] ; ['Washoe County, NV'] ; ['Clark County, NV'] ; ['Snohomish County, WA'] ; ['Contra Costa County, CA'] ; ['Contra Costa County, CA'] ; ['Harford County, MD'] ; ['Harford County, MD'] ; ['Spokane County, WA'] ; ['Spokane County, WA'] ; ['Montgomery County, MD'] ; ['Montgomery County, MD']"
3/8/2020 22:00,202,0,0,18,12,0,0,"['Spartanburg County, SC'] ; ['Kershaw County, SC'] ; ['Orange County, CA'] ; ['Jefferson County, KY'] ; ['Douglas County, NE'] ; ['Honolulu County, HI'] ; ['Shasta County, CA'] ; ['Cobb County, GA'] ; ['Cherokee County, GA'] ; ['Hendricks County, IN'] ; ['Placer County, CA'] ; ['Carver County, MN'] ; ['Johnson County, IA'] ; ['Harrison County, KY'] ; ['Grant County, WA'] ; ['Broward County, FL'] ; ['Manatee County, FL'] ; ['Bennington County, VT'] ; ['Charlotte County, FL'] ; ['Harris County, TX'] ; ['Sonoma County, CA'] ; ['Nassau County, NY'] ; ['Westchester County, NY'] ; ['New York County, NY'] ; ['Rockland County, NY'] ; ['Montgomery County, PA'] ; ['Collin County, TX'] ; ['Jefferson Parish, LA'] ; ['Fulton County, GA']"
3/9/2020 22:00,889,0,0,15,6,0,0,"['Rockingham County, NH'] ; ['Alaska'] ; ['Diamond Princess'] ; ['Grand Princess'] ; ['West Virginia'] ; ['Wyoming'] ; ['West Virginia'] ; ['South Dakota'] ; ['New Mexico'] ; ['Montana'] ; ['Mississippi'] ; ['Michigan'] ; ['Maine'] ; ['Idaho'] ; ['Delaware'] ; ['North Dakota'] ; ['West Virginia'] ; ['Grand Princess'] ; ['Diamond Princess'] ; ['Grand Princess'] ; ['North Carolina'] ; ['Arkansas'] ; ['Alaska'] ; ['Idaho'] ; ['Maine'] ; ['Mississippi'] ; ['North Dakota'] ; ['West Virginia'] ; ['Wyoming'] ; ['Diamond Princess'] ; ['Grand Princess'] ; ['West Virginia'] ; ['Diamond Princess'] ; ['Alaska'] ; ['Maine'] ; ['Kentucky'] ; ['Grand Princess'] ; ['Diamond Princess'] ; ['Iowa'] ; ['Idaho'] ; ['West Virginia'] ; ['North Carolina'] ; ['South Carolina'] ; ['New Hampshire'] ; ['Nevada'] ; ['Arizona'] ; ['Kansas'] ; ['Vermont'] ; ['Hawaii'] ; ['Kansas'] ; ['Missouri'] ; ['Missouri'] ; ['Nebraska'] ; ['Ohio'] ; ['Rhode Island'] ; ['Connecticut'] ; ['Hawaii'] ; ['Vermont'] ; ['Missouri'] ; ['Louisiana'] ; ['Kansas'] ; ['Hawaii'] ; ['District of Columbia'] ; ['Virginia'] ; ['Georgia'] ; ['Texas'] ; ['Florida'] ; ['Utah'] ; ['Oklahoma'] ; ['Wisconsin'] ; ['Oklahoma'] ; ['Oklahoma'] ; ['Indiana'] ; ['New York'] ; ['New Jersey'] ; ['Maryland'] ; ['Pennsylvania'] ; ['Illinois'] ; ['Colorado'] ; ['California'] ; ['Tennessee'] ; ['Minnesota'] ; ['Oregon']"
3/10/2020 22:00,2707,0,0,9,6,0,0,['Washington'] ; ['Massachusetts'] ; ['Iowa'] ; ['Rhode Island'] ; ['Rhode Island'] ; ['Kentucky'] ; ['Michigan'] ; ['Florida'] ; ['Virginia'] ; ['Michigan'] ; ['Maryland'] ; ['Louisiana'] ; ['New Hampshire'] ; ['Georgia'] ; ['Arizona'] ; ['Ohio'] ; ['Arkansas'] ; ['New Mexico'] ; ['Arizona'] ; ['New Jersey'] ; ['Minnesota'] ; ['Alabama'] ; ['Georgia'] ; ['Idaho'] ; ['Illinois'] ; ['Indiana'] ; ['Iowa'] ; ['Hawaii'] ; ['Florida'] ; ['Colorado'] ; ['Grand Princess'] ; ['Delaware'] ; ['Connecticut'] ; ['California'] ; ['Alaska'] ; ['Diamond Princess'] ; ['Arkansas'] ; ['Kansas'] ; ['Arizona'] ; ['District of Columbia'] ; ['Kentucky'] ; ['Washington'] ; ['Maine'] ; ['Virginia'] ; ['Vermont'] ; ['Utah'] ; ['Texas'] ; ['Tennessee'] ; ['West Virginia'] ; ['South Dakota'] ; ['South Carolina'] ; ['Pennsylvania'] ; ['Wisconsin'] ; ['Oregon'] ; ['Wyoming'] ; ['Oklahoma'] ; ['Louisiana'] ; ['Ohio'] ; ['North Carolina'] ; ['New York'] ; ['New Mexico'] ; ['New Hampshire'] ; ['Nevada'] ; ['Nebraska'] ; ['Montana'] ; ['Missouri'] ; ['Mississippi'] ; ['Minnesota'] ; ['Michigan'] ; ['Massachusetts'] ; ['Maryland'] ; ['North Dakota'] ; ['New Jersey'] ; ['Rhode Island']
3/11/2020 22:00,1801,0,0,20,7,0,0,['Washington'] ; ['District of Columbia'] ; ['Wisconsin'] ; ['District of Columbia'] ; ['Nevada'] ; ['South Dakota'] ; ['Tennessee'] ; ['South Dakota'] ; ['South Carolina'] ; ['District of Columbia'] ; ['Pennsylvania'] ; ['Oregon'] ; ['Texas'] ; ['New York'] ; ['Illinois'] ; ['Massachusetts'] ; ['Colorado'] ; ['Indiana'] ; ['Delaware'] ; ['Utah'] ; ['Montana'] ; ['Connecticut'] ; ['Montana'] ; ['Delaware'] ; ['Nebraska'] ; ['California'] ; ['Vermont'] ; ['Nebraska'] ; ['Maryland'] ; ['Wyoming'] ; ['Ohio'] ; ['North Dakota'] ; ['Mississippi'] ; ['North Dakota'] ; ['North Dakota'] ; ['North Dakota'] ; ['Massachusetts'] ; ['New York'] ; ['North Carolina'] ; ['New Jersey'] ; ['New Hampshire'] ; ['Arkansas'] ; ['Wisconsin'] ; ['Minnesota'] ; ['Florida'] ; ['South Carolina'] ; ['Colorado'] ; ['Pennsylvania'] ; ['Tennessee'] ; ['Virginia'] ; ['Georgia']
3/12/2020 22:00,835,0,0,12,6,1,0,['California'] ; ['Louisiana'] ; ['Texas'] ; ['Oregon'] ; ['Iowa'] ; ['Indiana'] ; ['Illinois'] ; ['Washington'] ; ['New Mexico'] ; ['Connecticut'] ; ['Kentucky'] ; ['Nevada'] ; ['Utah'] ; ['Alaska'] ; ['Alaska']
3/13/2020 22:00,641,0,0,11,5,1,1,"['Iowa'] ; ['Kentucky'] ; ['New Mexico'] ; ['Virgin Islands, U.S.'] ; ['Virgin Islands, U.S.'] ; ['Oregon'] ; ['Wyoming'] ; ['Maine'] ; ['Oklahoma'] ; ['Montana'] ; ['South Dakota'] ; ['Mississippi'] ; ['Alabama'] ; ['New Hampshire'] ; ['South Dakota'] ; ['New Hampshire'] ; ['Mississippi'] ; ['Oklahoma'] ; ['Missouri'] ; ['Nebraska'] ; ['Indiana'] ; ['Michigan'] ; ['Georgia'] ; ['Delaware'] ; ['Delaware'] ; ['Arizona'] ; ['Arizona'] ; ['North Carolina'] ; ['Puerto Rico'] ; ['Puerto Rico'] ; ['Ohio'] ; ['Pennsylvania'] ; ['Pennsylvania'] ; ['Minnesota'] ; ['Rhode Island'] ; ['Rhode Island'] ; ['Utah'] ; ['Florida'] ; ['Hawaii']"
3/14/2020 22:00,5458,0,0,7,0,0,0,['Washington'] ; ['Massachusetts'] ; ['Massachusetts'] ; ['Colorado'] ; ['New York'] ; ['Colorado'] ; ['California'] ; ['New Jersey'] ; ['Louisiana'] ; ['Kansas'] ; ['Texas'] ; ['Nevada'] ; ['Arkansas'] ; ['South Carolina'] ; ['South Carolina'] ; ['Kansas'] ; ['Nevada'] ; ['Connecticut'] ; ['Maryland'] ; ['Idaho'] ; ['Virginia'] ; ['Wisconsin'] ; ['Tennessee'] ; ['Tennessee'] ; ['Illinois'] ; ['Vermont'] ; ['Vermont'] ; ['Washington'] ; ['Kentucky'] ; ['Wyoming'] ; ['New Mexico'] ; ['Wyoming'] ; ['District of Columbia'] ; ['Nebraska'] ; ['Montana'] ; ['Idaho'] ; ['Guam'] ; ['New York'] ; ['Florida'] ; ['Iowa'] ; ['Georgia'] ; ['Louisiana'] ; ['New Jersey'] ; ['Illinois'] ; ['Texas'] ; ['Virginia'] ; ['Guam'] ; ['Oregon'] ; ['Minnesota'] ; ['Guam'] ; ['Idaho'] ; ['Missouri'] ; ['Connecticut'] ; ['Indiana'] ; ['Arkansas'] ; ['Alabama'] ; ['Ohio'] ; ['Wisconsin'] ; ['Hawaii'] ; ['Michigan'] ; ['Maine'] ; ['Montana'] ; ['North Carolina'] ; ['Utah'] ; ['Maryland'] ; ['California']
3/15/2020 22:00,2182,0,0,12,5,1,0,['Puerto Rico'] ; ['Virgin Islands'] ; ['Puerto Rico'] ; ['Puerto Rico'] ; ['Puerto Rico'] ; ['Oregon'] ; ['Hawaii'] ; ['New Mexico'] ; ['Michigan'] ; ['Minnesota'] ; ['Diamond Princess'] ; ['Georgia'] ; ['Diamond Princess'] ; ['Diamond Princess'] ; ['Diamond Princess'] ; ['Missouri'] ; ['Arkansas'] ; ['Vermont'] ; ['Kansas'] ; ['Vermont'] ; ['Arkansas'] ; ['Nebraska'] ; ['Arizona'] ; ['Grand Princess'] ; ['Oklahoma'] ; ['Maine'] ; ['Rhode Island'] ; ['Kentucky'] ; ['Nevada'] ; ['Pennsylvania'] ; ['Connecticut'] ; ['South Dakota'] ; ['Delaware'] ; ['Maryland'] ; ['Wisconsin'] ; ['Ohio'] ; ['New York'] ; ['Massachusetts']
3/16/2020 22:00,3884,0,0,12,5,0,0,['Florida'] ; ['Tennessee'] ; ['Virginia'] ; ['New Jersey'] ; ['Illinois'] ; ['Louisiana'] ; ['South Carolina'] ; ['Alabama'] ; ['Mississippi'] ; ['Indiana'] ; ['New Hampshire'] ; ['Utah'] ; ['District of Columbia'] ; ['District of Columbia'] ; ['Colorado'] ; ['Washington'] ; ['Iowa'] ; ['California'] ; ['Iowa'] ; ['North Carolina'] ; ['Texas'] ; ['Maryland'] ; ['Montana'] ; ['Alaska'] ; ['Hawaii'] ; ['Minnesota'] ; ['Oklahoma'] ; ['Nebraska'] ; ['Mississippi'] ; ['Maine'] ; ['Oklahoma'] ; ['Virginia'] ; ['Texas'] ; ['Georgia'] ; ['New Jersey'] ; ['Wisconsin'] ; ['Utah'] ; ['Grand Princess'] ; ['Virgin Islands'] ; ['Virgin Islands'] ; ['Grand Princess'] ; ['Rhode Island'] ; ['Ohio'] ; ['Michigan'] ; ['Utah']
3/17/2020 22:00,12826,0,0,11,5,1,1,['Massachusetts'] ; ['New York'] ; ['California'] ; ['Louisiana'] ; ['Colorado'] ; ['Illinois'] ; ['Connecticut'] ; ['New Mexico'] ; ['Connecticut'] ; ['Kansas'] ; ['New Hampshire'] ; ['Pennsylvania'] ; ['Tennessee'] ; ['New Hampshire'] ; ['South Carolina'] ; ['New Mexico'] ; ['Oregon'] ; ['Arizona'] ; ['South Carolina'] ; ['Alabama'] ; ['Kansas'] ; ['North Carolina'] ; ['Indiana'] ; ['South Dakota'] ; ['North Dakota'] ; ['South Dakota'] ; ['Idaho'] ; ['South Dakota'] ; ['Florida'] ; ['West Virginia'] ; ['West Virginia'] ; ['Kentucky'] ; ['Missouri'] ; ['Delaware'] ; ['Nevada'] ; ['Washington'] ; ['Wyoming'] ; ['United States Virgin Islands'] ; ['United States Virgin Islands'] ; ['Iowa'] ; ['Idaho'] ; ['Hawaii'] ; ['Alaska'] ; ['Guam'] ; ['District of Columbia'] ; ['Oregon'] ; ['Nebraska'] ; ['Wyoming'] ; ['Massachusetts'] ; ['New Jersey'] ; ['Washington'] ; ['Kentucky'] ; ['Colorado'] ; ['North Carolina'] ; ['Illinois'] ; ['Wisconsin'] ; ['Michigan'] ; ['Tennessee'] ; ['Pennsylvania'] ; ['Minnesota'] ; ['Maryland'] ; ['Georgia'] ; ['Nevada'] ; ['California'] ; ['Florida'] ; ['Ohio'] ; ['Louisiana'] ; ['New York'] ; ['North Dakota'] ; ['Montana'] ; ['US'] ; ['Arkansas'] ; ['Vermont'] ; ['Arizona'] ; ['Mississippi'] ; ['Montana'] ; ['Maine'] ; ['Alabama'] ; ['Indiana'] ; ['Rhode Island'] ; ['Missouri'] ; ['Delaware'] ; ['Virginia'] ; ['Texas']
3/18/2020 22:00,3475,0,0,24,8,0,0,['District of Columbia'] ; ['Nebraska'] ; ['West Virginia'] ; ['Idaho'] ; ['Alaska'] ; ['Hawaii'] ; ['Wyoming'] ; ['Virgin Islands'] ; ['Guam'] ; ['Minnesota'] ; ['Maine'] ; ['Grand Princess'] ; ['US'] ; ['Texas'] ; ['Pennsylvania'] ; ['Georgia'] ; ['Massachusetts'] ; ['Tennessee'] ; ['California'] ; ['Illinois'] ; ['New Mexico'] ; ['Ohio'] ; ['Vermont'] ; ['Kansas'] ; ['Maryland'] ; ['Arkansas'] ; ['Oregon'] ; ['Nevada']
3/19/2020 22:00,10129,0,0,11,0,1,1,['Michigan'] ; ['New Jersey'] ; ['North Dakota'] ; ['Washington'] ; ['Colorado'] ; ['New York'] ; ['Florida'] ; ['Louisiana'] ; ['Kentucky'] ; ['Missouri'] ; ['Rhode Island'] ; ['Oklahoma'] ; ['New Hampshire'] ; ['Iowa'] ; ['Arizona'] ; ['Connecticut'] ; ['Mississippi'] ; ['Wisconsin'] ; ['Indiana'] ; ['Alabama'] ; ['Utah'] ; ['South Carolina'] ; ['Virginia'] ; ['Delaware'] ; ['North Carolina']
